,assists,deaths,duration,game_mode,hero_id,kills,leaver_status,lobby_type,match_id,party_size,player_slot,radiant_win,skill,start_time,version
0,23.0,6.0,3298.0,22.0,7.0,4.0,0.0,7.0,4024039976.0,,4.0,1.0,,1532534853.0,
1,22.0,16.0,2570.0,22.0,36.0,9.0,0.0,7.0,4023956699.0,,3.0,0.0,1,1532531690.0,
2,12.0,14.0,1785.0,22.0,88.0,2.0,0.0,7.0,4023890865.0,,128.0,1.0,1,1532529439.0,
3,7.0,0.0,1054.0,22.0,45.0,5.0,0.0,7.0,4023841395.0,,2.0,1.0,1,1532527832.0,
4,0.0,8.0,1291.0,22.0,45.0,8.0,0.0,7.0,4023787679.0,,1.0,0.0,1,1532526060.0,
5,19.0,10.0,3543.0,22.0,2.0,11.0,0.0,7.0,4023527835.0,,1.0,1.0,,1532516560.0,
6,5.0,8.0,2137.0,22.0,50.0,4.0,0.0,7.0,4023439163.0,,130.0,1.0,1,1532512515.0,
7,16.0,11.0,2154.0,22.0,26.0,2.0,0.0,7.0,4023387399.0,,4.0,0.0,,1532510029.0,
8,21.0,5.0,2458.0,22.0,51.0,4.0,0.0,7.0,4023329661.0,,0.0,1.0,1,1532507167.0,
9,12.0,7.0,2495.0,22.0,70.0,7.0,0.0,7.0,4022817407.0,,132.0,1.0,1,1532470141.0,
10,17.0,12.0,3480.0,22.0,18.0,14.0,0.0,7.0,4022010485.0,,0.0,0.0,,1532433606.0,
11,16.0,0.0,1915.0,22.0,67.0,10.0,0.0,7.0,4021951771.0,,131.0,0.0,1,1532431297.0,
12,28.0,11.0,3314.0,22.0,67.0,14.0,0.0,7.0,4021865650.0,,1.0,0.0,,1532427511.0,
13,4.0,11.0,1781.0,22.0,45.0,3.0,1.0,7.0,4021214897.0,1,129.0,1.0,1,1532383472.0,21
14,15.0,14.0,2774.0,22.0,20.0,3.0,0.0,7.0,4020503029.0,2,3.0,0.0,,1532350988.0,21
15,16.0,13.0,3243.0,22.0,20.0,2.0,0.0,7.0,4019861843.0,,4.0,0.0,,1532319013.0,
16,22.0,7.0,2186.0,22.0,20.0,5.0,0.0,7.0,4019826077.0,,3.0,1.0,1,1532316324.0,21
17,21.0,12.0,3139.0,22.0,50.0,7.0,0.0,7.0,4019770401.0,,131.0,0.0,1,1532312064.0,
18,11.0,6.0,1976.0,22.0,14.0,12.0,0.0,7.0,4019668115.0,,129.0,0.0,1,1532303102.0,
19,13.0,7.0,1640.0,22.0,37.0,2.0,0.0,7.0,4019644952.0,,128.0,1.0,1,1532301016.0,
20,1.0,5.0,1165.0,22.0,112.0,2.0,0.0,7.0,4019626048.0,,129.0,1.0,1,1532299395.0,
21,4.0,10.0,1306.0,22.0,26.0,2.0,0.0,7.0,4019602919.0,,2.0,0.0,1,1532297564.0,
22,29.0,10.0,2203.0,22.0,87.0,2.0,0.0,7.0,4019565780.0,,2.0,1.0,1,1532294906.0,
23,17.0,11.0,2685.0,22.0,51.0,7.0,0.0,7.0,4019513718.0,1,0.0,1.0,1,1532291686.0,21
24,20.0,5.0,2146.0,22.0,35.0,3.0,0.0,7.0,4019468199.0,,3.0,1.0,1,1532289121.0,
25,13.0,10.0,2369.0,22.0,16.0,4.0,0.0,7.0,4018555953.0,,132.0,1.0,,1532253730.0,
26,3.0,6.0,1616.0,22.0,63.0,5.0,0.0,7.0,4018502076.0,,128.0,1.0,1,1532251663.0,
27,30.0,7.0,2433.0,22.0,9.0,8.0,0.0,7.0,4016579380.0,,3.0,1.0,,1532163632.0,
28,27.0,11.0,2819.0,22.0,51.0,6.0,0.0,7.0,4016502765.0,,2.0,1.0,,1532160480.0,
29,19.0,8.0,2677.0,22.0,67.0,15.0,0.0,7.0,4016427406.0,,130.0,1.0,1,1532157252.0,
30,15.0,9.0,3551.0,22.0,44.0,11.0,0.0,7.0,4015582318.0,,0.0,1.0,,1532105884.0,
31,16.0,8.0,2938.0,22.0,18.0,16.0,0.0,7.0,4014869119.0,,129.0,0.0,,1532078809.0,
32,15.0,6.0,2179.0,22.0,16.0,1.0,0.0,7.0,4014811510.0,,132.0,1.0,,1532076013.0,
33,10.0,8.0,1872.0,22.0,67.0,4.0,0.0,7.0,4014764551.0,,130.0,1.0,1,1532073645.0,
34,30.0,17.0,3402.0,22.0,47.0,13.0,0.0,7.0,4013598311.0,,2.0,1.0,,1532006320.0,
35,24.0,11.0,2441.0,22.0,85.0,5.0,0.0,7.0,4012328923.0,,0.0,0.0,,1531931432.0,
36,18.0,14.0,2235.0,22.0,71.0,4.0,0.0,7.0,4012267471.0,,130.0,1.0,,1531928892.0,
37,38.0,4.0,1893.0,22.0,71.0,6.0,0.0,7.0,4012160823.0,,131.0,0.0,,1531924953.0,21
38,35.0,14.0,3058.0,22.0,71.0,9.0,0.0,7.0,4012047320.0,,131.0,1.0,,1531921120.0,
39,14.0,5.0,2210.0,22.0,11.0,10.0,0.0,7.0,4006154797.0,,0.0,1.0,1,1531615607.0,
40,24.0,9.0,3008.0,22.0,67.0,15.0,0.0,7.0,4006113215.0,1,2.0,0.0,1,1531612094.0,21
41,17.0,10.0,2615.0,22.0,18.0,4.0,0.0,7.0,4006073913.0,,130.0,1.0,1,1531608915.0,
42,15.0,3.0,1716.0,22.0,8.0,5.0,0.0,7.0,4006044011.0,,4.0,1.0,1,1531606695.0,
43,26.0,12.0,3553.0,22.0,53.0,12.0,0.0,7.0,4004254269.0,1,130.0,1.0,,1531524410.0,21
44,15.0,17.0,2101.0,22.0,47.0,8.0,0.0,7.0,4003415855.0,,132.0,1.0,1,1531485928.0,
45,11.0,11.0,1952.0,22.0,8.0,2.0,0.0,7.0,4002162208.0,,2.0,0.0,1,1531412168.0,
46,3.0,0.0,886.0,22.0,67.0,3.0,0.0,7.0,4002130075.0,,129.0,0.0,1,1531410853.0,
47,19.0,6.0,2638.0,22.0,16.0,3.0,0.0,7.0,4001736072.0,,1.0,1.0,,1531397065.0,
48,12.0,6.0,2570.0,22.0,8.0,6.0,0.0,7.0,4001656756.0,1,132.0,0.0,,1531393848.0,21
49,44.0,1.0,1290.0,22.0,36.0,51.0,0.0,7.0,4000382167.0,1,0.0,1.0,,1531318913.0,21
50,5.0,9.0,1554.0,22.0,30.0,0.0,0.0,7.0,3998309808.0,,131.0,1.0,1,1531216831.0,
51,14.0,8.0,2076.0,22.0,16.0,2.0,0.0,7.0,3996099896.0,,130.0,1.0,1,1531092500.0,
52,5.0,4.0,959.0,22.0,14.0,2.0,0.0,7.0,3996081623.0,,0.0,0.0,1,1531090915.0,
53,14.0,3.0,2678.0,22.0,35.0,19.0,0.0,7.0,3996039922.0,,3.0,0.0,1,1531087629.0,
54,6.0,7.0,2076.0,22.0,36.0,5.0,0.0,7.0,3991384289.0,,1.0,1.0,,1530876057.0,
55,12.0,8.0,3503.0,22.0,1.0,8.0,0.0,7.0,3991290202.0,,129.0,0.0,,1530872035.0,
56,12.0,10.0,1966.0,22.0,14.0,3.0,0.0,7.0,3991217722.0,,130.0,1.0,,1530868736.0,
57,33.0,15.0,3671.0,22.0,14.0,10.0,0.0,7.0,3990765773.0,,131.0,0.0,,1530841574.0,
58,12.0,10.0,2749.0,22.0,26.0,6.0,0.0,7.0,3990724654.0,,4.0,0.0,1,1530838158.0,
59,32.0,8.0,2879.0,22.0,50.0,8.0,0.0,7.0,3990688107.0,,131.0,1.0,1,1530834888.0,
60,5.0,3.0,1459.0,22.0,35.0,12.0,0.0,7.0,3989901312.0,,0.0,1.0,1,1530796988.0,
61,7.0,9.0,2181.0,22.0,47.0,19.0,0.0,7.0,3988781710.0,,128.0,1.0,,1530734128.0,21
62,24.0,3.0,2312.0,22.0,18.0,10.0,0.0,7.0,3988724902.0,1,132.0,0.0,,1530731336.0,21
63,7.0,12.0,3180.0,22.0,2.0,5.0,0.0,7.0,3988011375.0,,131.0,1.0,,1530704621.0,
64,13.0,1.0,1706.0,22.0,1.0,6.0,0.0,7.0,3987957271.0,1,2.0,1.0,1,1530702465.0,21
65,19.0,7.0,3863.0,22.0,98.0,2.0,0.0,7.0,3986124258.0,1,131.0,1.0,,1530608938.0,21
66,23.0,7.0,4455.0,22.0,80.0,12.0,0.0,7.0,3984433220.0,,128.0,1.0,,1530519113.0,
67,16.0,14.0,4016.0,22.0,8.0,6.0,0.0,7.0,3982533893.0,,130.0,1.0,,1530426824.0,
68,21.0,16.0,2732.0,22.0,47.0,4.0,0.0,7.0,3981252712.0,,132.0,1.0,,1530364430.0,
69,7.0,8.0,2457.0,22.0,8.0,3.0,0.0,7.0,3981156557.0,,129.0,1.0,,1530361402.0,
70,3.0,7.0,1859.0,22.0,8.0,2.0,0.0,7.0,3981078367.0,,4.0,0.0,1,1530358859.0,
71,14.0,11.0,3593.0,22.0,8.0,9.0,0.0,7.0,3980963274.0,,2.0,0.0,,1530354713.0,
72,7.0,8.0,3417.0,22.0,8.0,3.0,0.0,7.0,3980859640.0,,2.0,0.0,,1530350757.0,
73,13.0,8.0,2302.0,22.0,8.0,2.0,0.0,7.0,3979785280.0,,3.0,0.0,1,1530293257.0,
74,16.0,6.0,3152.0,22.0,42.0,3.0,0.0,7.0,3978931634.0,,1.0,0.0,,1530263153.0,
75,10.0,2.0,2748.0,22.0,8.0,11.0,0.0,7.0,3978830662.0,,130.0,0.0,,1530258563.0,
76,8.0,11.0,3622.0,22.0,8.0,13.0,0.0,7.0,3977945925.0,,129.0,0.0,,1530204215.0,
77,13.0,15.0,3407.0,22.0,30.0,5.0,0.0,7.0,3974088444.0,,132.0,1.0,2,1530015775.0,
78,14.0,8.0,3227.0,22.0,47.0,17.0,0.0,7.0,3973659311.0,,3.0,1.0,1,1529997460.0,
79,31.0,9.0,3449.0,22.0,94.0,5.0,0.0,7.0,3970680328.0,,128.0,1.0,2,1529843154.0,
80,12.0,7.0,3258.0,22.0,36.0,15.0,0.0,7.0,3970563822.0,,3.0,1.0,,1529839329.0,
81,18.0,14.0,2991.0,22.0,30.0,2.0,0.0,7.0,3970420378.0,,3.0,0.0,,1529834289.0,
82,6.0,1.0,2145.0,22.0,1.0,6.0,0.0,7.0,3968114566.0,1,131.0,0.0,,1529738206.0,21
83,3.0,11.0,2299.0,22.0,93.0,3.0,0.0,7.0,3966297154.0,1,132.0,1.0,,1529653193.0,21
84,6.0,5.0,2130.0,22.0,1.0,1.0,0.0,7.0,3966245799.0,,132.0,1.0,,1529650619.0,
85,3.0,5.0,1198.0,22.0,8.0,0.0,0.0,7.0,3966213831.0,,128.0,1.0,1,1529648930.0,
86,11.0,14.0,4221.0,22.0,1.0,19.0,0.0,7.0,3964745926.0,,130.0,1.0,,1529574127.0,
87,3.0,12.0,1102.0,22.0,42.0,1.0,0.0,7.0,3964708278.0,,132.0,1.0,1,1529572517.0,
88,4.0,7.0,1919.0,22.0,8.0,3.0,0.0,7.0,3964623578.0,,132.0,1.0,,1529568624.0,
89,6.0,5.0,2821.0,22.0,106.0,5.0,0.0,7.0,3964552195.0,,2.0,0.0,,1529565134.0,
90,17.0,9.0,3258.0,22.0,106.0,17.0,0.0,7.0,3963105721.0,,2.0,0.0,2,1529491026.0,
91,10.0,6.0,2804.0,22.0,35.0,13.0,0.0,7.0,3963022198.0,,3.0,0.0,,1529487492.0,
92,16.0,8.0,2385.0,22.0,28.0,3.0,0.0,7.0,3957396733.0,,3.0,0.0,,1529217483.0,
93,0.0,0.0,789.0,22.0,60.0,2.0,0.0,7.0,3957358938.0,1,4.0,1.0,1,1529216017.0,21
94,31.0,8.0,2967.0,22.0,37.0,5.0,0.0,7.0,3955533967.0,,3.0,1.0,2,1529139126.0,
95,13.0,9.0,2552.0,22.0,36.0,5.0,0.0,7.0,3955293801.0,,129.0,0.0,2,1529130209.0,
96,14.0,12.0,2245.0,22.0,114.0,4.0,0.0,7.0,3953669290.0,,3.0,0.0,,1529057983.0,
97,3.0,5.0,1098.0,22.0,93.0,1.0,0.0,7.0,3953627530.0,,129.0,1.0,1,1529056374.0,
98,29.0,7.0,2144.0,22.0,84.0,2.0,0.0,7.0,3953552549.0,,129.0,0.0,,1529053411.0,
99,8.0,7.0,2090.0,22.0,25.0,3.0,0.0,7.0,3952606986.0,,132.0,1.0,1,1528999436.0,
100,21.0,8.0,2006.0,22.0,74.0,1.0,0.0,7.0,3952546598.0,,132.0,1.0,,1528996925.0,
101,7.0,8.0,2600.0,22.0,74.0,2.0,0.0,7.0,3952087850.0,,4.0,1.0,2,1528981882.0,
102,11.0,6.0,2026.0,22.0,33.0,4.0,0.0,7.0,3951994403.0,,131.0,1.0,2,1528979157.0,
103,2.0,7.0,1246.0,22.0,38.0,0.0,0.0,7.0,3951941437.0,1,130.0,1.0,2,1528977509.0,21
104,18.0,12.0,2564.0,22.0,64.0,1.0,0.0,7.0,3950382880.0,,129.0,1.0,2,1528901518.0,
105,20.0,9.0,1973.0,22.0,64.0,5.0,0.0,7.0,3948198128.0,,129.0,0.0,1,1528807291.0,
106,17.0,8.0,2359.0,22.0,64.0,3.0,0.0,7.0,3948099126.0,,131.0,0.0,2,1528804293.0,
107,26.0,11.0,3039.0,22.0,64.0,3.0,0.0,7.0,3947965721.0,,3.0,1.0,,1528799710.0,
108,4.0,8.0,1693.0,22.0,38.0,0.0,0.0,7.0,3947910157.0,,0.0,0.0,2,1528797612.0,
109,5.0,12.0,2261.0,22.0,1.0,5.0,0.0,7.0,3947808555.0,,3.0,0.0,2,1528793637.0,
110,9.0,10.0,3613.0,22.0,4.0,10.0,0.0,7.0,3947694911.0,,0.0,0.0,3,1528789031.0,
111,17.0,7.0,2265.0,22.0,41.0,2.0,0.0,7.0,3924688987.0,,131.0,0.0,2,1527759515.0,
112,14.0,9.0,2103.0,22.0,16.0,6.0,0.0,7.0,3924587347.0,,4.0,0.0,2,1527755422.0,
113,11.0,2.0,1603.0,22.0,104.0,6.0,0.0,7.0,3924490877.0,,129.0,0.0,2,1527751365.0,
114,3.0,22.0,1171.0,22.0,64.0,0.0,1.0,7.0,3923081957.0,,131.0,1.0,2,1527684257.0,
115,14.0,2.0,1913.0,22.0,8.0,11.0,0.0,7.0,3922971006.0,,132.0,0.0,2,1527680776.0,21
116,6.0,3.0,2122.0,22.0,8.0,7.0,0.0,7.0,3922678390.0,,4.0,1.0,,1527669444.0,
117,2.0,3.0,1352.0,22.0,16.0,2.0,1.0,7.0,3922617168.0,,4.0,0.0,2,1527666881.0,
118,15.0,10.0,2662.0,22.0,11.0,14.0,0.0,7.0,3921823908.0,,4.0,0.0,2,1527617750.0,
119,14.0,1.0,1533.0,22.0,16.0,3.0,0.0,7.0,3920785756.0,1,131.0,0.0,2,1527582499.0,21
120,5.0,7.0,1755.0,22.0,67.0,3.0,0.0,7.0,3920729260.0,,129.0,1.0,2,1527580118.0,
121,21.0,10.0,2807.0,22.0,13.0,6.0,0.0,7.0,3913766407.0,,0.0,0.0,2,1527275565.0,
122,6.0,2.0,1997.0,22.0,1.0,7.0,0.0,7.0,3906893936.0,,130.0,1.0,2,1526978310.0,
123,2.0,4.0,1473.0,22.0,18.0,1.0,0.0,7.0,3906803027.0,1,131.0,1.0,2,1526974402.0,21
124,18.0,6.0,2167.0,22.0,7.0,5.0,0.0,7.0,3906743847.0,1,131.0,1.0,2,1526971718.0,21
125,12.0,10.0,2000.0,22.0,26.0,2.0,0.0,7.0,3902314659.0,,2.0,1.0,2,1526790987.0,
126,20.0,11.0,2601.0,22.0,2.0,5.0,0.0,7.0,3896016986.0,,2.0,0.0,2,1526554920.0,
127,7.0,0.0,472.0,4.0,84.0,3.0,0.0,0.0,3887873114.0,,2.0,1.0,2,1526229002.0,
128,12.0,3.0,2123.0,22.0,26.0,5.0,2.0,7.0,3887084558.0,,1.0,1.0,2,1526211799.0,
129,23.0,8.0,2159.0,22.0,30.0,5.0,0.0,7.0,3886971429.0,,1.0,1.0,1,1526209099.0,
130,14.0,7.0,1748.0,22.0,26.0,2.0,0.0,7.0,3885284020.0,,2.0,1.0,2,1526149694.0,
131,10.0,4.0,2299.0,22.0,35.0,3.0,2.0,7.0,3882493078.0,,3.0,0.0,1,1526065300.0,
132,14.0,3.0,2245.0,22.0,18.0,4.0,2.0,7.0,3727320380.0,,4.0,1.0,2,1518277845.0,
133,8.0,2.0,1923.0,22.0,1.0,1.0,0.0,7.0,3727231980.0,,129.0,0.0,2,1518274924.0,
134,5.0,1.0,1973.0,22.0,1.0,7.0,0.0,7.0,3727157321.0,,1.0,1.0,2,1518272554.0,
135,16.0,3.0,2194.0,22.0,18.0,18.0,0.0,7.0,3726522037.0,,0.0,1.0,1,1518249585.0,
136,21.0,2.0,2236.0,22.0,67.0,10.0,0.0,7.0,3724743603.0,,131.0,0.0,3,1518165586.0,
137,8.0,4.0,2493.0,22.0,94.0,1.0,0.0,7.0,3724681197.0,,0.0,0.0,2,1518162398.0,
138,14.0,4.0,1521.0,22.0,8.0,3.0,0.0,7.0,3724634642.0,1,2.0,1.0,3,1518159801.0,21
139,4.0,5.0,1468.0,22.0,104.0,0.0,0.0,7.0,3724593085.0,,132.0,1.0,2,1518157364.0,
140,11.0,6.0,2753.0,22.0,42.0,4.0,0.0,7.0,3723935700.0,,131.0,1.0,2,1518111058.0,
141,8.0,7.0,2557.0,22.0,17.0,14.0,0.0,7.0,3723859666.0,,130.0,1.0,2,1518107816.0,
142,8.0,2.0,1891.0,22.0,74.0,2.0,0.0,7.0,3723796675.0,,0.0,1.0,1,1518105315.0,
143,17.0,12.0,3245.0,22.0,74.0,7.0,0.0,7.0,3723691074.0,,129.0,1.0,2,1518101390.0,
144,10.0,8.0,2384.0,22.0,11.0,3.0,0.0,7.0,3723605759.0,,131.0,1.0,2,1518098397.0,
145,11.0,12.0,3185.0,22.0,44.0,17.0,0.0,7.0,3722834910.0,2,0.0,1.0,2,1518061261.0,21
146,7.0,6.0,1840.0,22.0,18.0,2.0,0.0,7.0,3722802278.0,,130.0,1.0,2,1518058899.0,
147,13.0,6.0,1901.0,22.0,35.0,11.0,0.0,7.0,3722769834.0,,1.0,1.0,3,1518056466.0,
148,10.0,10.0,2625.0,22.0,67.0,3.0,0.0,7.0,3722281788.0,2,132.0,1.0,2,1518024041.0,21
149,6.0,7.0,3005.0,22.0,1.0,3.0,0.0,7.0,3722195782.0,,2.0,1.0,2,1518020397.0,
150,23.0,11.0,3511.0,22.0,18.0,8.0,0.0,7.0,3722090352.0,,4.0,1.0,2,1518016342.0,
151,16.0,5.0,2673.0,22.0,44.0,9.0,0.0,7.0,3720605016.0,,0.0,1.0,1,1517935389.0,
152,9.0,4.0,2397.0,22.0,1.0,7.0,0.0,7.0,3720531368.0,,3.0,0.0,2,1517932395.0,
153,11.0,3.0,1889.0,22.0,18.0,12.0,0.0,7.0,3720468227.0,,3.0,1.0,2,1517929948.0,
154,15.0,6.0,2059.0,22.0,11.0,12.0,0.0,7.0,3720003303.0,,1.0,1.0,2,1517912384.0,
155,12.0,6.0,2762.0,22.0,11.0,12.0,0.0,7.0,3719932448.0,,4.0,0.0,,1517909118.0,
156,9.0,9.0,2081.0,22.0,35.0,1.0,0.0,7.0,3716369637.0,,0.0,0.0,,1517729254.0,
157,9.0,1.0,1722.0,22.0,11.0,6.0,0.0,7.0,3716196041.0,,131.0,0.0,,1517721966.0,
158,30.0,17.0,4291.0,22.0,34.0,11.0,1.0,7.0,3715086683.0,,131.0,0.0,,1517669020.0,
159,15.0,5.0,2018.0,22.0,104.0,3.0,0.0,7.0,3714524260.0,,4.0,1.0,,1517650523.0,
160,12.0,1.0,1575.0,22.0,42.0,4.0,0.0,7.0,3714465900.0,,128.0,0.0,,1517648284.0,
161,14.0,7.0,1777.0,22.0,35.0,9.0,0.0,7.0,3713367897.0,,1.0,1.0,,1517591253.0,
162,3.0,3.0,1607.0,4.0,8.0,2.0,0.0,0.0,3713202045.0,2,132.0,0.0,2,1517585400.0,21
163,19.0,6.0,2766.0,4.0,93.0,13.0,0.0,0.0,3713110881.0,,4.0,1.0,2,1517582356.0,
164,21.0,2.0,2314.0,4.0,88.0,9.0,0.0,0.0,3713024881.0,,131.0,0.0,1,1517579525.0,
165,6.0,7.0,2102.0,22.0,49.0,3.0,0.0,7.0,3712436833.0,,131.0,1.0,,1517554569.0,
166,15.0,2.0,2029.0,22.0,106.0,15.0,0.0,7.0,3712386695.0,,131.0,0.0,,1517551813.0,
167,23.0,9.0,2942.0,22.0,112.0,2.0,0.0,7.0,3712325875.0,,129.0,1.0,,1517548098.0,
168,20.0,10.0,3122.0,22.0,53.0,5.0,0.0,7.0,3711661238.0,2,131.0,0.0,,1517504199.0,21
169,5.0,8.0,2362.0,22.0,11.0,4.0,0.0,7.0,3711589993.0,,131.0,1.0,,1517501344.0,
170,8.0,7.0,1884.0,22.0,7.0,0.0,0.0,7.0,3711523035.0,,3.0,0.0,,1517498805.0,
171,12.0,8.0,2485.0,22.0,11.0,8.0,0.0,7.0,3709950856.0,,1.0,1.0,,1517416767.0,
172,16.0,7.0,2119.0,22.0,11.0,6.0,0.0,7.0,3709882267.0,,3.0,1.0,,1517414088.0,
173,10.0,9.0,2773.0,22.0,11.0,4.0,0.0,7.0,3709790511.0,,128.0,1.0,,1517410703.0,
174,18.0,8.0,2927.0,22.0,87.0,5.0,0.0,7.0,3707545971.0,,129.0,0.0,,1517303423.0,
175,30.0,8.0,2541.0,22.0,87.0,4.0,0.0,7.0,3707480996.0,,0.0,1.0,,1517300248.0,
176,21.0,9.0,2686.0,4.0,23.0,13.0,0.0,0.0,3707420434.0,,1.0,1.0,2,1517297099.0,
177,10.0,14.0,4072.0,4.0,43.0,7.0,0.0,0.0,3707339424.0,,0.0,0.0,2,1517292522.0,
178,17.0,11.0,2455.0,4.0,30.0,5.0,0.0,0.0,3706532872.0,,2.0,1.0,1,1517242032.0,
179,18.0,15.0,2581.0,4.0,71.0,4.0,0.0,0.0,3704364966.0,,128.0,1.0,,1517141296.0,
180,12.0,10.0,3490.0,4.0,104.0,4.0,0.0,0.0,3704195766.0,2,128.0,1.0,2,1517135213.0,21
181,27.0,7.0,2786.0,4.0,12.0,4.0,0.0,0.0,3702793923.0,,129.0,1.0,2,1517070164.0,
182,6.0,5.0,1581.0,4.0,114.0,5.0,0.0,0.0,3702733813.0,,129.0,1.0,1,1517068271.0,
183,4.0,5.0,2212.0,22.0,12.0,3.0,0.0,7.0,3699431345.0,,130.0,1.0,,1516923182.0,
184,2.0,4.0,1721.0,22.0,1.0,2.0,0.0,7.0,3699405003.0,,132.0,1.0,,1516920941.0,
185,9.0,8.0,2222.0,22.0,76.0,4.0,0.0,7.0,3699370269.0,1,128.0,1.0,,1516918193.0,21
186,20.0,7.0,3277.0,22.0,33.0,4.0,0.0,7.0,3699311036.0,,129.0,1.0,,1516914126.0,
187,15.0,12.0,2191.0,22.0,16.0,1.0,0.0,7.0,3699264868.0,1,4.0,0.0,,1516911394.0,21
188,12.0,8.0,1762.0,22.0,71.0,1.0,0.0,7.0,3698925015.0,,132.0,1.0,,1516896151.0,
189,21.0,10.0,4221.0,22.0,16.0,5.0,0.0,7.0,3698787620.0,,129.0,1.0,,1516891216.0,
190,5.0,7.0,2111.0,22.0,47.0,2.0,0.0,7.0,3698706940.0,,129.0,1.0,,1516888579.0,
191,9.0,4.0,3304.0,22.0,1.0,14.0,0.0,7.0,3698588143.0,,4.0,1.0,,1516884651.0,
192,11.0,6.0,2346.0,22.0,7.0,3.0,0.0,7.0,3698508597.0,,2.0,0.0,,1516881938.0,
193,8.0,8.0,1958.0,22.0,37.0,1.0,0.0,7.0,3698444838.0,1,0.0,0.0,,1516879399.0,21
194,19.0,6.0,2845.0,22.0,7.0,9.0,0.0,7.0,3697664463.0,,130.0,0.0,,1516831617.0,
195,2.0,4.0,1439.0,22.0,62.0,0.0,0.0,7.0,3697502983.0,1,1.0,0.0,,1516821603.0,21
196,19.0,9.0,2635.0,22.0,98.0,8.0,0.0,7.0,3697440520.0,,129.0,0.0,,1516818465.0,
197,13.0,6.0,2245.0,22.0,87.0,5.0,0.0,7.0,3696485528.0,,0.0,0.0,,1516781289.0,
198,14.0,12.0,2488.0,22.0,2.0,10.0,0.0,7.0,3696417185.0,,130.0,0.0,,1516778243.0,
199,22.0,4.0,2300.0,22.0,98.0,4.0,0.0,7.0,3696367476.0,,2.0,1.0,,1516775429.0,
200,15.0,9.0,1902.0,22.0,119.0,3.0,0.0,7.0,3696229666.0,,132.0,1.0,,1516766590.0,
201,20.0,7.0,2724.0,22.0,87.0,14.0,0.0,7.0,3696165260.0,,132.0,1.0,,1516761894.0,
202,17.0,7.0,2244.0,22.0,11.0,16.0,0.0,7.0,3696127310.0,,128.0,0.0,,1516758959.0,
203,18.0,5.0,2288.0,22.0,30.0,3.0,0.0,7.0,3696093532.0,,1.0,0.0,,1516756108.0,
204,16.0,11.0,2416.0,22.0,29.0,2.0,0.0,7.0,3693615461.0,,132.0,1.0,,1516628742.0,
205,21.0,12.0,2485.0,22.0,96.0,2.0,0.0,7.0,3693522111.0,,3.0,1.0,,1516625616.0,
206,24.0,9.0,3223.0,22.0,60.0,1.0,0.0,7.0,3692395351.0,,131.0,1.0,,1516562408.0,
207,13.0,5.0,1971.0,22.0,33.0,8.0,0.0,7.0,3692327219.0,1,129.0,0.0,,1516559233.0,21
208,21.0,7.0,3080.0,22.0,16.0,4.0,0.0,7.0,3692243046.0,1,132.0,1.0,,1516555620.0,21
209,13.0,0.0,1278.0,22.0,16.0,5.0,0.0,7.0,3692197462.0,,3.0,1.0,,1516553807.0,
210,10.0,2.0,1303.0,4.0,37.0,4.0,0.0,0.0,3689972167.0,,132.0,0.0,2,1516462430.0,
211,25.0,8.0,1649.0,4.0,71.0,7.0,0.0,0.0,3689903036.0,2,1.0,1.0,2,1516460375.0,21
212,17.0,12.0,2467.0,22.0,15.0,6.0,0.0,7.0,3676553664.0,,3.0,0.0,,1515841063.0,
213,6.0,9.0,1770.0,22.0,81.0,4.0,0.0,7.0,3676491432.0,,129.0,1.0,,1515838901.0,
214,3.0,6.0,1849.0,22.0,8.0,1.0,0.0,7.0,3676429942.0,,131.0,1.0,,1515836567.0,
215,9.0,1.0,1802.0,22.0,1.0,10.0,0.0,7.0,3676366697.0,,3.0,1.0,,1515834200.0,
216,3.0,10.0,1397.0,22.0,36.0,4.0,0.0,7.0,3676320289.0,1,131.0,1.0,,1515832448.0,21
217,7.0,7.0,2097.0,22.0,98.0,1.0,0.0,7.0,3676240350.0,1,1.0,0.0,,1515829364.0,21
218,9.0,6.0,2217.0,22.0,67.0,8.0,0.0,7.0,3675205698.0,,2.0,1.0,,1515776884.0,
219,4.0,4.0,1842.0,22.0,11.0,3.0,0.0,7.0,3675136696.0,,2.0,0.0,,1515774486.0,
220,0.0,2.0,2633.0,22.0,90.0,1.0,3.0,7.0,3675104093.0,,131.0,0.0,,1515773377.0,
221,12.0,9.0,2469.0,22.0,30.0,7.0,0.0,7.0,3674973886.0,1,4.0,0.0,,1515769280.0,21
222,16.0,17.0,2555.0,22.0,22.0,10.0,0.0,7.0,3673375010.0,,1.0,0.0,,1515688947.0,
223,34.0,12.0,3319.0,22.0,75.0,8.0,0.0,7.0,3672863175.0,,129.0,0.0,,1515670320.0,
224,6.0,2.0,1130.0,22.0,3.0,1.0,0.0,7.0,3672824627.0,,128.0,0.0,,1515668737.0,
225,9.0,2.0,1258.0,22.0,29.0,5.0,0.0,7.0,3672781170.0,,4.0,1.0,,1515666895.0,
226,19.0,16.0,2989.0,22.0,37.0,6.0,0.0,7.0,3672701346.0,,2.0,0.0,,1515663353.0,
227,10.0,12.0,1896.0,22.0,26.0,1.0,0.0,7.0,3672651406.0,1,0.0,0.0,,1515661094.0,21
228,8.0,4.0,954.0,22.0,2.0,6.0,0.0,7.0,3671752120.0,1,3.0,1.0,,1515605593.0,21
229,9.0,2.0,1791.0,22.0,18.0,9.0,0.0,7.0,3671127376.0,,128.0,0.0,,1515581495.0,
230,27.0,7.0,2632.0,22.0,79.0,4.0,0.0,7.0,3648561820.0,,131.0,0.0,,1514556589.0,
231,9.0,10.0,1525.0,22.0,108.0,3.0,0.0,7.0,3648492668.0,,128.0,1.0,,1514554572.0,
232,24.0,8.0,2449.0,22.0,87.0,7.0,0.0,7.0,3648389226.0,,2.0,1.0,,1514551468.0,
233,39.0,12.0,3257.0,22.0,71.0,6.0,0.0,7.0,3648236744.0,1,4.0,1.0,,1514546419.0,21
234,18.0,5.0,2213.0,22.0,30.0,8.0,0.0,7.0,3646460581.0,,129.0,0.0,,1514465675.0,
235,5.0,2.0,1118.0,22.0,2.0,4.0,0.0,7.0,3646403413.0,,128.0,0.0,,1514463847.0,
236,12.0,8.0,1973.0,22.0,7.0,1.0,0.0,7.0,3646286624.0,1,128.0,1.0,,1514459833.0,21
237,19.0,12.0,3591.0,22.0,68.0,7.0,0.0,7.0,3644221774.0,1,128.0,0.0,,1514368092.0,21
238,17.0,13.0,2635.0,22.0,79.0,7.0,0.0,7.0,3642524140.0,,0.0,1.0,,1514290869.0,
239,26.0,7.0,2950.0,22.0,78.0,5.0,0.0,7.0,3626839268.0,,4.0,1.0,,1513617295.0,
240,2.0,3.0,1422.0,22.0,11.0,13.0,0.0,7.0,3626782966.0,,2.0,1.0,,1513615141.0,
241,17.0,4.0,2142.0,22.0,11.0,19.0,0.0,7.0,3626708713.0,,3.0,1.0,,1513612474.0,
242,17.0,3.0,2064.0,4.0,9.0,6.0,0.0,0.0,3626635482.0,,131.0,0.0,1,1513610064.0,
243,7.0,5.0,1556.0,4.0,39.0,8.0,0.0,0.0,3626541921.0,,2.0,0.0,1,1513607132.0,
244,15.0,9.0,2086.0,4.0,4.0,16.0,0.0,0.0,3626446757.0,,1.0,0.0,1,1513604249.0,
245,17.0,10.0,3085.0,22.0,1.0,9.0,0.0,7.0,3617723735.0,,1.0,1.0,,1513262346.0,
246,14.0,8.0,1948.0,22.0,26.0,3.0,0.0,7.0,3617651569.0,,1.0,0.0,,1513259981.0,
247,22.0,10.0,3745.0,22.0,11.0,14.0,0.0,7.0,3617324534.0,1,130.0,0.0,,1513248277.0,21
248,9.0,8.0,2060.0,22.0,68.0,2.0,0.0,7.0,3617257182.0,,4.0,0.0,,1513245246.0,
249,7.0,7.0,1998.0,22.0,18.0,3.0,0.0,7.0,3616332349.0,,132.0,1.0,,1513189324.0,
250,25.0,7.0,2216.0,22.0,26.0,5.0,0.0,7.0,3615893128.0,1,0.0,1.0,,1513172335.0,21
251,1.0,2.0,969.0,22.0,7.0,0.0,0.0,7.0,3615837806.0,,131.0,1.0,,1513170465.0,
252,13.0,7.0,2093.0,22.0,7.0,3.0,0.0,7.0,3615759809.0,,132.0,1.0,,1513167728.0,
253,18.0,13.0,3630.0,22.0,47.0,10.0,0.0,7.0,3607919543.0,,3.0,0.0,,1512826952.0,
254,13.0,10.0,2534.0,22.0,47.0,5.0,0.0,7.0,3607809929.0,,0.0,0.0,,1512823877.0,
255,13.0,5.0,2561.0,22.0,9.0,2.0,0.0,7.0,3606325242.0,,129.0,1.0,,1512755893.0,
256,9.0,14.0,1926.0,22.0,5.0,1.0,0.0,7.0,3606226299.0,,132.0,1.0,,1512752241.0,
257,11.0,6.0,2384.0,22.0,59.0,1.0,0.0,7.0,3606134325.0,2,131.0,0.0,,1512749118.0,21
258,19.0,2.0,1538.0,22.0,108.0,6.0,0.0,7.0,3606063247.0,1,3.0,1.0,,1512746841.0,21
259,4.0,6.0,2549.0,22.0,11.0,7.0,0.0,7.0,3605957443.0,,2.0,0.0,,1512743637.0,
260,7.0,9.0,1716.0,22.0,34.0,5.0,0.0,7.0,3605883777.0,1,1.0,0.0,,1512741441.0,21
261,17.0,13.0,3524.0,22.0,7.0,3.0,0.0,7.0,3601775919.0,,131.0,0.0,,1512545020.0,
262,2.0,4.0,1739.0,22.0,7.0,2.0,0.0,7.0,3601733239.0,,0.0,0.0,,1512542761.0,
263,13.0,7.0,2626.0,22.0,7.0,3.0,0.0,7.0,3601675730.0,,0.0,0.0,,1512539583.0,
264,11.0,12.0,2488.0,22.0,18.0,12.0,0.0,7.0,3601612656.0,,4.0,0.0,,1512535902.0,
265,18.0,6.0,2520.0,22.0,26.0,7.0,0.0,7.0,3601566617.0,,4.0,1.0,,1512532826.0,
266,13.0,2.0,2056.0,22.0,18.0,10.0,0.0,7.0,3601526957.0,,130.0,0.0,,1512529836.0,
267,10.0,9.0,2307.0,22.0,7.0,2.0,0.0,7.0,3601010935.0,2,1.0,0.0,,1512495581.0,21
268,20.0,4.0,1937.0,22.0,87.0,7.0,0.0,7.0,3600900148.0,1,128.0,0.0,,1512490969.0,21
269,7.0,8.0,1757.0,22.0,7.0,5.0,0.0,7.0,3600840440.0,,3.0,0.0,,1512488699.0,
270,23.0,17.0,3383.0,22.0,7.0,3.0,0.0,7.0,3599551035.0,,2.0,0.0,,1512427042.0,
271,13.0,11.0,1728.0,22.0,87.0,2.0,0.0,7.0,3595850530.0,,131.0,1.0,,1512261499.0,
272,20.0,6.0,3082.0,22.0,68.0,6.0,0.0,7.0,3595799348.0,,128.0,1.0,,1512257867.0,
273,22.0,20.0,4478.0,22.0,79.0,2.0,0.0,7.0,3595044725.0,,128.0,1.0,,1512227080.0,
274,16.0,4.0,3061.0,22.0,47.0,11.0,0.0,7.0,3594877798.0,,131.0,0.0,,1512222511.0,
275,11.0,4.0,2802.0,22.0,47.0,12.0,0.0,7.0,3594756835.0,,128.0,0.0,,1512219206.0,
276,16.0,7.0,2272.0,22.0,47.0,6.0,0.0,7.0,3594659124.0,,3.0,0.0,,1512216422.0,
277,21.0,6.0,2769.0,22.0,58.0,7.0,0.0,7.0,3593585795.0,,1.0,1.0,,1512169606.0,
278,31.0,12.0,4143.0,22.0,37.0,4.0,0.0,7.0,3593026968.0,,131.0,0.0,,1512143457.0,
279,12.0,6.0,2475.0,22.0,47.0,9.0,0.0,7.0,3592931314.0,2,130.0,0.0,,1512140429.0,21
280,13.0,6.0,2446.0,22.0,47.0,9.0,0.0,7.0,3592821527.0,,131.0,1.0,,1512137217.0,
281,22.0,6.0,2737.0,22.0,47.0,10.0,0.0,7.0,3592618881.0,,130.0,0.0,,1512131103.0,
282,15.0,6.0,1872.0,22.0,47.0,9.0,0.0,7.0,3592540061.0,,2.0,1.0,,1512128521.0,
283,15.0,14.0,2369.0,22.0,47.0,6.0,0.0,7.0,3592459931.0,,130.0,1.0,,1512125584.0,
284,12.0,2.0,1555.0,22.0,47.0,6.0,0.0,7.0,3592409038.0,,2.0,1.0,,1512123531.0,
285,17.0,11.0,2903.0,22.0,79.0,2.0,0.0,7.0,3591845122.0,,128.0,0.0,,1512095155.0,
286,11.0,3.0,1900.0,22.0,45.0,5.0,0.0,7.0,3591809980.0,,2.0,1.0,,1512092726.0,
287,14.0,9.0,1528.0,22.0,87.0,4.0,0.0,7.0,3591778697.0,,129.0,1.0,,1512090556.0,
288,24.0,5.0,2359.0,22.0,79.0,2.0,0.0,7.0,3591740934.0,1,3.0,1.0,,1512087410.0,21
289,21.0,11.0,2677.0,22.0,26.0,6.0,0.0,7.0,3591703333.0,1,130.0,0.0,,1512084302.0,21
290,2.0,1.0,513.0,22.0,50.0,1.0,0.0,7.0,3591691567.0,,128.0,0.0,,1512083326.0,
291,10.0,15.0,2540.0,22.0,30.0,4.0,0.0,7.0,3591517445.0,,131.0,1.0,,1512071462.0,
292,15.0,6.0,2138.0,22.0,11.0,13.0,0.0,7.0,3591452755.0,1,3.0,1.0,,1512068255.0,21
293,9.0,8.0,1929.0,22.0,16.0,2.0,0.0,7.0,3591400613.0,1,128.0,1.0,,1512065862.0,21
294,27.0,13.0,3111.0,22.0,68.0,8.0,0.0,7.0,3591244809.0,,132.0,0.0,,1512059510.0,
295,4.0,25.0,1354.0,22.0,67.0,0.0,0.0,7.0,3591191913.0,,128.0,1.0,,1512057621.0,
296,5.0,7.0,1565.0,22.0,67.0,5.0,0.0,7.0,3591130511.0,1,128.0,1.0,,1512055546.0,21
297,8.0,5.0,3017.0,22.0,109.0,8.0,0.0,7.0,3591014839.0,,1.0,1.0,,1512052088.0,
298,18.0,8.0,2495.0,22.0,41.0,3.0,0.0,7.0,3590911848.0,,0.0,0.0,,1512049001.0,
299,25.0,11.0,3531.0,22.0,67.0,16.0,0.0,7.0,3589809193.0,1,132.0,1.0,,1511992815.0,21
300,12.0,8.0,2487.0,22.0,41.0,6.0,0.0,7.0,3589757427.0,,3.0,0.0,,1511989213.0,
301,16.0,10.0,2570.0,22.0,11.0,12.0,0.0,7.0,3589703295.0,1,0.0,0.0,,1511985989.0,21
302,20.0,9.0,2871.0,22.0,67.0,8.0,0.0,7.0,3589640669.0,,132.0,1.0,,1511982645.0,
303,15.0,5.0,2752.0,22.0,67.0,11.0,0.0,7.0,3589567663.0,1,4.0,0.0,,1511979288.0,21
304,8.0,2.0,1156.0,22.0,67.0,0.0,0.0,7.0,3589211790.0,,132.0,0.0,,1511965636.0,
305,27.0,2.0,2307.0,22.0,67.0,8.0,0.0,7.0,3588901807.0,,130.0,0.0,,1511955240.0,
306,30.0,7.0,3439.0,22.0,67.0,13.0,0.0,7.0,3588693810.0,,3.0,1.0,,1511946049.0,
307,19.0,4.0,2387.0,22.0,67.0,14.0,0.0,7.0,3588632790.0,,129.0,0.0,,1511943068.0,
308,20.0,12.0,3138.0,22.0,40.0,6.0,0.0,7.0,3587630928.0,,4.0,0.0,,1511882479.0,
309,12.0,9.0,3348.0,22.0,47.0,11.0,0.0,7.0,3587512484.0,,132.0,1.0,,1511878454.0,
310,15.0,8.0,2663.0,22.0,47.0,11.0,0.0,7.0,3587413353.0,,132.0,1.0,,1511875246.0,
311,24.0,8.0,3241.0,22.0,67.0,20.0,0.0,7.0,3587108627.0,1,0.0,1.0,,1511863867.0,21
312,9.0,5.0,1905.0,22.0,94.0,3.0,0.0,7.0,3587055845.0,,128.0,1.0,,1511861442.0,
313,4.0,10.0,1861.0,22.0,47.0,1.0,0.0,7.0,3584260403.0,,0.0,0.0,,1511713570.0,
314,22.0,6.0,2370.0,22.0,47.0,7.0,0.0,7.0,3584175473.0,,128.0,0.0,,1511710644.0,
315,17.0,8.0,3053.0,22.0,47.0,14.0,0.0,7.0,3583721702.0,,132.0,0.0,,1511697195.0,
316,13.0,8.0,2775.0,22.0,47.0,8.0,0.0,7.0,3583599204.0,,3.0,1.0,,1511693205.0,
317,20.0,14.0,3327.0,22.0,47.0,24.0,0.0,7.0,3583483928.0,,4.0,0.0,,1511689219.0,
318,20.0,3.0,1762.0,22.0,37.0,1.0,0.0,7.0,3582240507.0,,2.0,1.0,,1511632610.0,
319,16.0,4.0,1846.0,22.0,47.0,9.0,0.0,7.0,3582168268.0,,132.0,0.0,,1511630154.0,
320,17.0,6.0,1990.0,22.0,47.0,18.0,0.0,7.0,3582092767.0,,4.0,1.0,,1511627734.0,
321,25.0,4.0,2313.0,22.0,47.0,10.0,0.0,7.0,3581907032.0,,129.0,0.0,,1511622412.0,
322,10.0,1.0,1377.0,22.0,47.0,4.0,0.0,7.0,3581835997.0,,3.0,1.0,,1511620477.0,
323,6.0,7.0,1651.0,22.0,8.0,1.0,0.0,7.0,3580287983.0,,132.0,1.0,,1511555011.0,
324,25.0,11.0,4064.0,22.0,37.0,4.0,0.0,7.0,3580064256.0,,129.0,1.0,,1511545229.0,
325,17.0,3.0,1887.0,22.0,47.0,6.0,0.0,7.0,3579993570.0,,2.0,1.0,,1511542629.0,
326,12.0,13.0,2772.0,22.0,30.0,4.0,0.0,7.0,3579890658.0,,130.0,1.0,,1511539146.0,
327,11.0,3.0,1929.0,22.0,47.0,3.0,0.0,7.0,3579799415.0,,2.0,1.0,,1511536326.0,
328,17.0,2.0,1571.0,22.0,47.0,9.0,0.0,7.0,3579716653.0,,2.0,1.0,,1511533904.0,
329,20.0,5.0,1806.0,22.0,47.0,21.0,0.0,7.0,3579635265.0,,2.0,1.0,,1511531548.0,
330,4.0,5.0,1619.0,22.0,11.0,6.0,0.0,7.0,3579527753.0,,2.0,0.0,,1511528430.0,
331,15.0,5.0,2783.0,22.0,8.0,12.0,0.0,7.0,3579422926.0,,130.0,0.0,,1511525189.0,
332,5.0,3.0,1539.0,22.0,8.0,5.0,0.0,7.0,3579363959.0,,1.0,1.0,,1511523161.0,
333,27.0,15.0,3838.0,22.0,47.0,17.0,0.0,7.0,3578248515.0,,3.0,0.0,,1511459990.0,
334,3.0,9.0,1349.0,22.0,11.0,2.0,0.0,7.0,3578201106.0,,1.0,0.0,,1511458050.0,
335,14.0,13.0,2724.0,22.0,18.0,9.0,0.0,7.0,3578121305.0,,1.0,0.0,,1511454850.0,
336,8.0,7.0,2160.0,22.0,18.0,5.0,0.0,7.0,3577457990.0,1,132.0,1.0,,1511431432.0,21
337,10.0,6.0,2818.0,22.0,18.0,13.0,0.0,7.0,3577386889.0,1,3.0,1.0,,1511428087.0,21
338,10.0,4.0,2137.0,22.0,18.0,3.0,0.0,7.0,3577333798.0,1,130.0,1.0,,1511425508.0,21
339,12.0,12.0,2820.0,22.0,18.0,6.0,0.0,7.0,3576359595.0,,131.0,1.0,,1511365443.0,
340,6.0,8.0,2485.0,22.0,18.0,4.0,0.0,7.0,3576280653.0,,0.0,0.0,,1511362544.0,
341,10.0,3.0,1910.0,22.0,18.0,12.0,0.0,7.0,3576028379.0,1,0.0,1.0,,1511354073.0,21
342,3.0,4.0,1568.0,22.0,18.0,5.0,0.0,7.0,3575963812.0,,131.0,1.0,,1511351767.0,
343,4.0,1.0,1447.0,22.0,18.0,7.0,0.0,7.0,3575915170.0,1,1.0,1.0,,1511349890.0,21
344,7.0,6.0,2155.0,22.0,18.0,7.0,0.0,7.0,3574976440.0,,128.0,1.0,,1511290348.0,
345,7.0,2.0,1791.0,22.0,18.0,7.0,0.0,7.0,3574927082.0,,3.0,1.0,,1511287919.0,
346,6.0,1.0,1701.0,22.0,18.0,5.0,0.0,7.0,3574512401.0,,4.0,1.0,,1511271789.0,
347,3.0,1.0,1195.0,22.0,18.0,0.0,0.0,7.0,3573209294.0,,3.0,1.0,,1511197754.0,
348,16.0,7.0,2196.0,22.0,18.0,8.0,0.0,7.0,3572621066.0,1,131.0,0.0,,1511176158.0,21
349,12.0,8.0,3518.0,22.0,11.0,4.0,0.0,7.0,3571362876.0,,132.0,1.0,,1511105031.0,
350,10.0,5.0,2429.0,22.0,18.0,12.0,0.0,7.0,3571066883.0,,4.0,1.0,,1511096213.0,
351,15.0,8.0,2490.0,22.0,11.0,12.0,0.0,7.0,3570681384.0,,129.0,0.0,,1511083937.0,
352,15.0,7.0,3342.0,22.0,18.0,13.0,0.0,7.0,3568754530.0,,0.0,1.0,,1511006061.0,
353,13.0,7.0,2622.0,22.0,18.0,11.0,0.0,7.0,3568659334.0,,128.0,0.0,,1511002987.0,
354,22.0,10.0,3520.0,22.0,11.0,5.0,0.0,7.0,3568421021.0,,0.0,0.0,,1510994387.0,
355,27.0,3.0,2165.0,22.0,35.0,9.0,0.0,7.0,3567551902.0,,2.0,1.0,,1510946843.0,
356,16.0,8.0,3231.0,22.0,1.0,15.0,0.0,7.0,3567446543.0,3,2.0,1.0,,1510942202.0,20
357,23.0,6.0,3488.0,22.0,76.0,13.0,0.0,7.0,3567337457.0,,130.0,0.0,,1510938114.0,
358,5.0,6.0,1800.0,22.0,9.0,4.0,0.0,7.0,3567268029.0,,0.0,0.0,,1510935712.0,
359,8.0,9.0,2486.0,22.0,47.0,9.0,0.0,7.0,3567173937.0,,0.0,0.0,,1510932717.0,
360,11.0,7.0,2916.0,22.0,18.0,10.0,0.0,7.0,3567049495.0,,128.0,1.0,,1510929057.0,
361,6.0,5.0,1635.0,22.0,18.0,5.0,0.0,7.0,3566970791.0,,3.0,1.0,,1510926842.0,
362,24.0,9.0,2628.0,22.0,11.0,8.0,0.0,7.0,3566714326.0,1,1.0,1.0,,1510919020.0,20
363,14.0,10.0,2523.0,22.0,18.0,9.0,0.0,7.0,3566627226.0,,128.0,1.0,,1510915925.0,
364,13.0,8.0,2076.0,22.0,18.0,7.0,0.0,7.0,3566564199.0,,129.0,1.0,,1510913346.0,
365,10.0,4.0,2187.0,22.0,18.0,14.0,0.0,7.0,3566490847.0,,1.0,1.0,,1510910104.0,
366,5.0,11.0,1613.0,22.0,18.0,1.0,0.0,7.0,3566442904.0,,3.0,0.0,,1510907909.0,
367,8.0,12.0,3016.0,22.0,44.0,8.0,0.0,7.0,3564974133.0,2,0.0,0.0,,1510836512.0,20
368,11.0,9.0,1890.0,22.0,18.0,6.0,0.0,7.0,3564905402.0,,3.0,0.0,,1510834110.0,
369,4.0,7.0,2222.0,22.0,18.0,4.0,0.0,7.0,3564811060.0,,128.0,1.0,,1510830483.0,
370,14.0,9.0,3330.0,22.0,18.0,10.0,0.0,7.0,3563371889.0,,1.0,0.0,,1510753297.0,
371,6.0,2.0,1591.0,22.0,11.0,9.0,0.0,7.0,3561687288.0,1,132.0,0.0,,1510665937.0,20
372,9.0,6.0,2575.0,22.0,18.0,12.0,0.0,7.0,3561599647.0,,131.0,1.0,,1510662995.0,
373,4.0,7.0,1647.0,22.0,18.0,1.0,0.0,7.0,3561540260.0,1,2.0,0.0,,1510660841.0,20
374,15.0,4.0,1972.0,22.0,16.0,7.0,0.0,7.0,3560024978.0,,0.0,1.0,,1510583522.0,
375,15.0,9.0,2633.0,22.0,56.0,7.0,0.0,7.0,3558240916.0,3,130.0,1.0,,1510496690.0,20
376,5.0,9.0,1508.0,22.0,99.0,0.0,0.0,7.0,3558168523.0,,0.0,0.0,,1510494604.0,
377,8.0,10.0,2168.0,22.0,114.0,2.0,0.0,7.0,3558059934.0,,128.0,1.0,,1510491521.0,
378,19.0,9.0,2369.0,22.0,53.0,4.0,0.0,7.0,3556350564.0,,131.0,0.0,,1510421066.0,
379,8.0,6.0,1949.0,22.0,16.0,4.0,0.0,7.0,3556272270.0,,128.0,1.0,,1510418642.0,
380,15.0,14.0,2492.0,22.0,16.0,5.0,0.0,7.0,3556163853.0,,3.0,0.0,,1510415469.0,
381,10.0,11.0,3111.0,22.0,16.0,9.0,0.0,7.0,3556019976.0,,0.0,0.0,,1510411527.0,
382,14.0,6.0,2570.0,22.0,18.0,11.0,0.0,7.0,3555878179.0,,1.0,1.0,,1510407713.0,
383,10.0,15.0,2533.0,22.0,18.0,3.0,0.0,7.0,3555770876.0,,132.0,1.0,,1510404774.0,
384,17.0,12.0,3177.0,22.0,18.0,14.0,0.0,7.0,3555645302.0,,131.0,0.0,,1510401148.0,
385,5.0,8.0,1727.0,22.0,16.0,3.0,0.0,7.0,3555574088.0,,2.0,0.0,,1510398900.0,
386,2.0,6.0,1496.0,22.0,16.0,0.0,0.0,7.0,3555514905.0,,1.0,0.0,,1510396918.0,
387,23.0,6.0,3058.0,22.0,16.0,4.0,0.0,7.0,3555406688.0,,132.0,1.0,,1510393030.0,
388,26.0,9.0,3204.0,22.0,45.0,7.0,0.0,7.0,3553951442.0,1,4.0,1.0,,1510325398.0,20
389,17.0,3.0,2021.0,22.0,30.0,4.0,0.0,7.0,3552248705.0,,129.0,0.0,,1510242992.0,
390,22.0,7.0,3153.0,22.0,44.0,12.0,0.0,7.0,3550367581.0,,131.0,1.0,,1510152042.0,
391,11.0,7.0,2345.0,22.0,80.0,2.0,0.0,7.0,3548490049.0,,1.0,0.0,,1510061764.0,
392,15.0,11.0,2650.0,22.0,38.0,4.0,0.0,7.0,3548381009.0,,4.0,0.0,,1510058485.0,
393,10.0,14.0,2017.0,22.0,64.0,4.0,0.0,7.0,3548299777.0,2,4.0,0.0,,1510055836.0,20
394,16.0,9.0,3055.0,22.0,67.0,6.0,0.0,7.0,3547101210.0,2,0.0,0.0,,1509987707.0,20
395,26.0,3.0,2100.0,22.0,67.0,17.0,0.0,7.0,3547022697.0,,0.0,1.0,,1509984813.0,
396,9.0,6.0,2331.0,22.0,9.0,2.0,0.0,7.0,3545116773.0,,128.0,0.0,,1509900871.0,
397,18.0,9.0,2891.0,22.0,16.0,4.0,0.0,7.0,3545014726.0,,131.0,0.0,,1509897390.0,
398,16.0,13.0,2509.0,22.0,45.0,5.0,0.0,7.0,3542261887.0,,131.0,1.0,,1509801322.0,
399,32.0,14.0,3924.0,22.0,45.0,16.0,0.0,7.0,3542075853.0,,3.0,1.0,,1509796574.0,
400,16.0,10.0,2466.0,22.0,45.0,6.0,0.0,7.0,3541960966.0,,128.0,1.0,,1509793285.0,
401,24.0,7.0,2189.0,22.0,45.0,4.0,0.0,7.0,3541856790.0,,129.0,0.0,,1509790072.0,
402,9.0,15.0,1911.0,22.0,98.0,7.0,0.0,7.0,3541778355.0,,132.0,1.0,,1509787566.0,
403,21.0,10.0,2503.0,22.0,114.0,10.0,0.0,7.0,3540686250.0,2,129.0,0.0,,1509738320.0,20
404,24.0,5.0,2285.0,22.0,114.0,9.0,0.0,7.0,3540480143.0,2,1.0,1.0,,1509730627.0,20
405,8.0,11.0,2330.0,22.0,44.0,3.0,1.0,0.0,3540009075.0,1,4.0,0.0,1,1509717466.0,20
406,7.0,9.0,1553.0,22.0,44.0,2.0,0.0,7.0,3539931710.0,,3.0,0.0,,1509715485.0,
407,5.0,10.0,2120.0,22.0,18.0,1.0,0.0,7.0,3537471905.0,,1.0,0.0,,1509620035.0,
408,7.0,5.0,2368.0,22.0,18.0,11.0,0.0,7.0,3533319691.0,,131.0,0.0,2,1509450235.0,
409,10.0,9.0,2508.0,22.0,11.0,16.0,0.0,7.0,3532295017.0,,4.0,0.0,2,1509393874.0,
410,14.0,10.0,2572.0,22.0,25.0,13.0,0.0,7.0,3532219809.0,,132.0,1.0,2,1509389882.0,
411,3.0,6.0,2490.0,22.0,34.0,1.0,0.0,7.0,3531692150.0,,128.0,1.0,1,1509370451.0,
412,1.0,7.0,1399.0,22.0,18.0,2.0,0.0,7.0,3531631745.0,,130.0,1.0,1,1509368645.0,
413,20.0,9.0,2746.0,22.0,42.0,3.0,0.0,7.0,3530351635.0,,132.0,0.0,2,1509301940.0,
414,13.0,1.0,2125.0,22.0,18.0,14.0,0.0,7.0,3529244493.0,,131.0,0.0,2,1509264773.0,
415,10.0,5.0,2630.0,22.0,1.0,3.0,0.0,7.0,3528417600.0,,129.0,1.0,1,1509222625.0,
416,13.0,7.0,2488.0,22.0,7.0,1.0,0.0,7.0,3527208100.0,,132.0,1.0,2,1509181878.0,
417,28.0,11.0,3563.0,22.0,18.0,16.0,0.0,7.0,3526392190.0,,129.0,0.0,,1509139053.0,
418,12.0,9.0,2181.0,22.0,18.0,3.0,0.0,7.0,3525810982.0,2,131.0,1.0,1,1509114812.0,20
419,19.0,6.0,2903.0,22.0,18.0,17.0,0.0,7.0,3525700517.0,,131.0,0.0,,1509111375.0,
420,9.0,3.0,1647.0,22.0,18.0,7.0,0.0,7.0,3525194222.0,,132.0,0.0,2,1509091795.0,
421,11.0,8.0,2494.0,22.0,18.0,8.0,0.0,7.0,3525130342.0,,128.0,0.0,2,1509088789.0,
422,11.0,4.0,869.0,4.0,39.0,18.0,0.0,0.0,3525105509.0,,131.0,0.0,1,1509087587.0,
423,11.0,8.0,2983.0,4.0,56.0,6.0,0.0,0.0,3522719770.0,2,0.0,0.0,2,1508962212.0,20
424,14.0,5.0,2188.0,4.0,104.0,13.0,0.0,0.0,3522155027.0,,129.0,0.0,1,1508939096.0,
425,2.0,3.0,2071.0,4.0,18.0,0.0,1.0,0.0,3520981069.0,,0.0,1.0,1,1508872954.0,
426,25.0,5.0,3254.0,4.0,39.0,13.0,0.0,0.0,3520508405.0,,132.0,0.0,,1508853601.0,
427,4.0,6.0,1520.0,4.0,18.0,5.0,0.0,0.0,3518785210.0,,132.0,1.0,1,1508769240.0,
428,4.0,11.0,1983.0,4.0,48.0,1.0,0.0,0.0,3518708926.0,2,130.0,1.0,2,1508766910.0,20
429,14.0,12.0,3142.0,4.0,70.0,6.0,0.0,0.0,3518596320.0,,131.0,1.0,2,1508763402.0,
430,17.0,8.0,3267.0,4.0,67.0,12.0,0.0,0.0,3516814447.0,,130.0,1.0,,1508677578.0,
431,4.0,7.0,3543.0,22.0,18.0,15.0,0.0,7.0,3515477182.0,2,4.0,0.0,,1508621295.0,20
432,13.0,6.0,2444.0,22.0,18.0,9.0,0.0,7.0,3512151923.0,,0.0,0.0,2,1508493438.0,
433,13.0,2.0,1835.0,22.0,18.0,7.0,0.0,7.0,3512095725.0,,129.0,0.0,2,1508491212.0,20
434,19.0,7.0,2325.0,22.0,18.0,3.0,0.0,7.0,3511450538.0,,1.0,0.0,2,1508453303.0,
435,7.0,8.0,2347.0,22.0,18.0,7.0,0.0,7.0,3510879949.0,,131.0,1.0,2,1508424299.0,
436,17.0,14.0,3928.0,22.0,18.0,18.0,0.0,7.0,3510745052.0,,3.0,0.0,2,1508419952.0,
437,9.0,8.0,1463.0,22.0,18.0,2.0,0.0,7.0,3510670408.0,3,129.0,1.0,2,1508417570.0,
438,14.0,6.0,2358.0,22.0,18.0,10.0,0.0,7.0,3510589400.0,,0.0,1.0,2,1508414797.0,
439,8.0,3.0,1427.0,22.0,18.0,3.0,0.0,7.0,3510534290.0,1,3.0,1.0,2,1508412781.0,20
440,12.0,6.0,2283.0,22.0,18.0,12.0,0.0,7.0,3507386849.0,,1.0,1.0,2,1508247652.0,
441,4.0,5.0,2750.0,22.0,18.0,2.0,3.0,7.0,3507332511.0,2,1.0,0.0,,1508246002.0,20
442,13.0,5.0,2231.0,22.0,18.0,10.0,0.0,7.0,3506550800.0,,132.0,1.0,2,1508211835.0,
443,14.0,10.0,3140.0,22.0,18.0,9.0,0.0,7.0,3505484010.0,5,4.0,0.0,2,1508158984.0,20
444,26.0,5.0,2772.0,22.0,18.0,11.0,0.0,7.0,3503109873.0,,4.0,1.0,2,1508057539.0,
445,8.0,9.0,2460.0,22.0,18.0,9.0,0.0,7.0,3501544145.0,,1.0,0.0,2,1507991771.0,
446,17.0,8.0,3117.0,22.0,18.0,14.0,0.0,7.0,3501064368.0,1,2.0,1.0,2,1507978085.0,20
447,17.0,9.0,3391.0,22.0,18.0,13.0,0.0,7.0,3499944306.0,,131.0,0.0,2,1507924542.0,
448,8.0,11.0,3390.0,22.0,18.0,9.0,0.0,7.0,3497835186.0,3,130.0,0.0,,1507824724.0,20
449,15.0,8.0,3228.0,22.0,18.0,21.0,0.0,7.0,3497733239.0,3,2.0,1.0,1,1507821011.0,20
450,12.0,7.0,2324.0,22.0,18.0,2.0,0.0,7.0,3497437263.0,2,130.0,1.0,1,1507811364.0,20
451,9.0,7.0,2385.0,22.0,1.0,3.0,0.0,7.0,3497355828.0,3,3.0,0.0,1,1507808476.0,
452,7.0,1.0,2084.0,22.0,1.0,9.0,0.0,7.0,3491001074.0,2,4.0,1.0,1,1507479879.0,20
453,14.0,6.0,1739.0,22.0,18.0,4.0,0.0,7.0,3490068366.0,,2.0,1.0,2,1507450528.0,
454,19.0,5.0,3274.0,22.0,37.0,6.0,0.0,7.0,3487569543.0,,0.0,0.0,2,1507355064.0,
455,11.0,3.0,1296.0,22.0,71.0,2.0,0.0,7.0,3487523636.0,,0.0,1.0,2,1507353109.0,
456,10.0,4.0,2174.0,22.0,14.0,5.0,0.0,7.0,3487458864.0,,3.0,1.0,2,1507350102.0,
457,7.0,9.0,2252.0,22.0,47.0,5.0,0.0,7.0,3487402162.0,,3.0,0.0,2,1507347276.0,
458,23.0,10.0,2852.0,22.0,67.0,11.0,0.0,7.0,3486670286.0,,4.0,0.0,1,1507308413.0,
459,12.0,11.0,3085.0,22.0,18.0,11.0,0.0,7.0,3486556212.0,,0.0,1.0,,1507304841.0,
460,38.0,10.0,4010.0,22.0,8.0,23.0,0.0,7.0,3486396055.0,2,132.0,0.0,,1507300125.0,
461,20.0,14.0,3709.0,22.0,18.0,16.0,0.0,7.0,3485031758.0,2,132.0,0.0,1,1507235971.0,20
462,16.0,10.0,2773.0,22.0,17.0,12.0,0.0,7.0,3484973827.0,2,130.0,1.0,1,1507232689.0,20
463,9.0,7.0,1889.0,22.0,18.0,7.0,0.0,7.0,3484661711.0,3,4.0,1.0,1,1507219577.0,20
464,5.0,8.0,2468.0,22.0,74.0,8.0,0.0,7.0,3484411584.0,3,2.0,0.0,1,1507211431.0,20
465,7.0,11.0,2524.0,22.0,74.0,3.0,0.0,7.0,3484317732.0,3,4.0,0.0,1,1507208503.0,20
466,13.0,5.0,2818.0,22.0,11.0,5.0,0.0,7.0,3483078475.0,5,130.0,1.0,1,1507143317.0,20
467,25.0,5.0,4032.0,22.0,74.0,8.0,0.0,7.0,3482967128.0,5,2.0,0.0,1,1507138395.0,20
468,10.0,7.0,2101.0,22.0,18.0,7.0,0.0,7.0,3481290443.0,1,4.0,1.0,2,1507055787.0,20
469,16.0,8.0,3038.0,22.0,7.0,6.0,0.0,7.0,3480828527.0,,2.0,1.0,,1507038915.0,
470,2.0,7.0,1773.0,22.0,18.0,0.0,0.0,7.0,3479256242.0,2,132.0,1.0,1,1506962184.0,20
471,26.0,11.0,2758.0,22.0,51.0,10.0,0.0,7.0,3477517888.0,3,1.0,1.0,1,1506880222.0,20
472,19.0,8.0,3303.0,22.0,106.0,6.0,0.0,7.0,3477416057.0,,129.0,0.0,2,1506876415.0,
473,24.0,12.0,2829.0,22.0,37.0,9.0,0.0,7.0,3477167307.0,,129.0,1.0,2,1506868407.0,
474,18.0,6.0,2131.0,22.0,16.0,2.0,0.0,7.0,3477064460.0,2,132.0,0.0,3,1506865489.0,20
475,7.0,5.0,2636.0,22.0,1.0,4.0,0.0,7.0,3476951859.0,2,4.0,0.0,2,1506862430.0,20
476,21.0,7.0,3674.0,22.0,94.0,7.0,0.0,7.0,3476638304.0,2,0.0,1.0,,1506852784.0,20
477,11.0,2.0,2643.0,22.0,8.0,18.0,0.0,7.0,3476536720.0,,129.0,0.0,1,1506849460.0,
478,17.0,0.0,2213.0,22.0,106.0,15.0,0.0,7.0,3475499219.0,3,129.0,0.0,1,1506801832.0,20
479,3.0,6.0,2024.0,22.0,1.0,4.0,0.0,7.0,3475442169.0,3,129.0,1.0,1,1506799356.0,20
480,14.0,9.0,2457.0,22.0,18.0,5.0,0.0,7.0,3475367754.0,2,0.0,0.0,2,1506796403.0,20
481,15.0,4.0,2655.0,22.0,67.0,14.0,0.0,7.0,3474698452.0,2,1.0,1.0,1,1506776463.0,20
482,27.0,6.0,3610.0,22.0,34.0,23.0,0.0,7.0,3474008258.0,,130.0,1.0,,1506752904.0,
483,28.0,3.0,2408.0,22.0,74.0,9.0,0.0,0.0,3473278460.0,3,129.0,0.0,1,1506711589.0,20
484,23.0,6.0,2837.0,22.0,17.0,10.0,0.0,0.0,3473194971.0,3,130.0,1.0,,1506708059.0,20
485,11.0,1.0,1863.0,4.0,70.0,11.0,0.0,0.0,3472879989.0,2,0.0,1.0,1,1506697177.0,20
486,14.0,0.0,1367.0,4.0,53.0,6.0,0.0,0.0,3472814216.0,,1.0,1.0,1,1506695246.0,
487,18.0,2.0,2602.0,4.0,1.0,3.0,0.0,0.0,3472712552.0,,3.0,1.0,1,1506692363.0,
488,14.0,12.0,2868.0,4.0,14.0,6.0,0.0,0.0,3472565598.0,,1.0,0.0,1,1506688145.0,
489,13.0,8.0,2431.0,4.0,35.0,13.0,0.0,0.0,3472256465.0,,1.0,0.0,1,1506676702.0,
490,0.0,4.0,1115.0,4.0,108.0,0.0,1.0,0.0,3471995572.0,,128.0,1.0,1,1506664844.0,
491,0.0,0.0,870.0,4.0,1.0,0.0,0.0,0.0,3471961453.0,1,4.0,0.0,1,1506663122.0,
492,6.0,8.0,2840.0,22.0,80.0,1.0,0.0,7.0,3471105780.0,,0.0,0.0,3,1506612724.0,
493,14.0,7.0,2381.0,22.0,35.0,6.0,0.0,7.0,3470952541.0,2,0.0,0.0,3,1506607856.0,20
494,12.0,10.0,2663.0,22.0,7.0,1.0,0.0,7.0,3469298286.0,,4.0,0.0,2,1506523729.0,
495,18.0,6.0,2497.0,22.0,7.0,5.0,0.0,7.0,3469203694.0,2,129.0,0.0,3,1506520780.0,20
496,11.0,8.0,2870.0,22.0,47.0,6.0,0.0,7.0,3469088596.0,2,132.0,1.0,3,1506517376.0,20
497,12.0,3.0,2085.0,22.0,35.0,17.0,0.0,7.0,3467861223.0,2,132.0,0.0,1,1506448824.0,20
498,23.0,7.0,2677.0,22.0,11.0,17.0,0.0,7.0,3467571638.0,1,4.0,1.0,2,1506437601.0,20
499,17.0,5.0,2019.0,22.0,11.0,19.0,0.0,7.0,3465874935.0,3,128.0,0.0,1,1506360877.0,20
500,16.0,12.0,2880.0,22.0,106.0,10.0,0.0,7.0,3465794797.0,3,0.0,0.0,1,1506357532.0,20
501,15.0,7.0,2627.0,22.0,18.0,11.0,0.0,7.0,3465712864.0,3,0.0,1.0,1,1506354377.0,20
502,6.0,5.0,3178.0,1.0,74.0,4.0,4.0,0.0,1033188904.0,,3.0,0.0,,1416309074.0,
503,9.0,1.0,1987.0,22.0,106.0,11.0,0.0,7.0,1028717936.0,,128.0,0.0,,1416118371.0,
504,5.0,8.0,2138.0,22.0,41.0,6.0,0.0,7.0,1028647674.0,,4.0,0.0,,1416115770.0,
505,7.0,3.0,1707.0,1.0,37.0,4.0,0.0,0.0,1028567182.0,,130.0,0.0,,1416112476.0,
506,13.0,6.0,3327.0,1.0,76.0,7.0,0.0,0.0,1028486422.0,,131.0,0.0,,1416108750.0,
507,13.0,7.0,2636.0,1.0,43.0,21.0,0.0,0.0,1027625304.0,,128.0,0.0,,1416072278.0,
508,7.0,7.0,3204.0,1.0,11.0,3.0,0.0,0.0,1027481204.0,,4.0,1.0,,1416068547.0,
509,4.0,8.0,2431.0,1.0,11.0,0.0,2.0,0.0,1026623363.0,,2.0,0.0,,1416047951.0,
510,12.0,5.0,2368.0,1.0,17.0,11.0,0.0,0.0,1026528252.0,,0.0,1.0,,1416045072.0,
511,20.0,3.0,3391.0,1.0,34.0,21.0,0.0,0.0,1025231105.0,,130.0,0.0,,1415988181.0,
512,19.0,3.0,2648.0,1.0,73.0,9.0,0.0,0.0,1025127602.0,,128.0,0.0,,1415985007.0,
513,25.0,1.0,2400.0,1.0,78.0,19.0,0.0,0.0,1025029221.0,,131.0,0.0,,1415982206.0,
514,6.0,9.0,2206.0,1.0,17.0,8.0,0.0,0.0,1024930104.0,,1.0,0.0,,1415979571.0,
515,11.0,7.0,1924.0,22.0,106.0,6.0,0.0,7.0,1001275123.0,,132.0,1.0,,1415007475.0,
516,5.0,9.0,2648.0,22.0,84.0,5.0,0.0,7.0,1001167583.0,,1.0,0.0,,1415003487.0,
517,15.0,6.0,2571.0,22.0,78.0,6.0,0.0,7.0,1001094623.0,,130.0,1.0,,1415000537.0,
518,11.0,3.0,2202.0,22.0,43.0,1.0,0.0,7.0,1001031168.0,,129.0,0.0,,1414997680.0,
519,18.0,12.0,3016.0,22.0,97.0,4.0,0.0,7.0,998929868.0,,4.0,0.0,,1414915466.0,
520,5.0,9.0,1922.0,22.0,41.0,7.0,0.0,7.0,998838877.0,,129.0,1.0,,1414912556.0,
521,17.0,1.0,2611.0,22.0,106.0,17.0,0.0,7.0,996305639.0,,131.0,0.0,,1414824923.0,
522,8.0,8.0,2667.0,22.0,76.0,2.0,0.0,7.0,996221146.0,,129.0,1.0,,1414821739.0,
523,17.0,8.0,2808.0,22.0,88.0,14.0,0.0,7.0,994333425.0,,0.0,1.0,,1414750122.0,
524,11.0,4.0,2750.0,22.0,37.0,4.0,0.0,7.0,994245758.0,,128.0,0.0,,1414746760.0,
525,7.0,5.0,2507.0,22.0,41.0,6.0,0.0,7.0,994166502.0,,0.0,1.0,,1414743555.0,
526,12.0,9.0,2817.0,22.0,68.0,8.0,0.0,7.0,994091198.0,,128.0,1.0,,1414740358.0,
527,12.0,4.0,2803.0,22.0,34.0,11.0,0.0,7.0,994021747.0,,129.0,0.0,,1414737006.0,
528,3.0,9.0,1664.0,1.0,80.0,2.0,0.0,0.0,993933470.0,,0.0,0.0,,1414732317.0,
529,2.0,10.0,1987.0,1.0,17.0,3.0,0.0,0.0,993887892.0,,1.0,0.0,,1414729663.0,
530,6.0,7.0,2291.0,1.0,23.0,3.0,0.0,0.0,993840897.0,,128.0,1.0,,1414726672.0,
531,18.0,7.0,2851.0,1.0,84.0,4.0,0.0,0.0,991860488.0,,132.0,0.0,,1414641499.0,
532,14.0,7.0,2990.0,1.0,17.0,13.0,0.0,0.0,982030920.0,,132.0,0.0,,1414229441.0,
533,11.0,12.0,3270.0,1.0,34.0,10.0,0.0,0.0,980187325.0,,3.0,0.0,,1414156142.0,
534,8.0,7.0,3174.0,1.0,76.0,8.0,0.0,0.0,970309099.0,,128.0,0.0,,1413714015.0,
535,15.0,3.0,2781.0,22.0,34.0,14.0,0.0,7.0,965548845.0,,128.0,0.0,,1413544249.0,
536,8.0,9.0,2392.0,22.0,73.0,3.0,0.0,7.0,965458329.0,,2.0,0.0,,1413541209.0,
537,16.0,2.0,1608.0,22.0,53.0,11.0,0.0,7.0,963532602.0,,128.0,0.0,,1413454221.0,
538,16.0,7.0,2379.0,22.0,69.0,4.0,0.0,7.0,963467092.0,,1.0,1.0,,1413451426.0,
539,11.0,8.0,2358.0,22.0,98.0,5.0,0.0,7.0,959849401.0,,128.0,0.0,,1413280654.0,
540,24.0,4.0,3203.0,22.0,73.0,11.0,0.0,7.0,959761753.0,,131.0,0.0,,1413276784.0,
541,18.0,7.0,2990.0,22.0,41.0,15.0,0.0,7.0,956013021.0,,0.0,1.0,,1413108105.0,
542,12.0,10.0,2693.0,22.0,41.0,10.0,0.0,7.0,955902339.0,,131.0,0.0,,1413104943.0,
543,9.0,4.0,2755.0,22.0,78.0,10.0,0.0,7.0,955770164.0,,128.0,1.0,,1413101213.0,
544,10.0,7.0,2867.0,22.0,41.0,10.0,0.0,7.0,953781505.0,,4.0,1.0,,1413030698.0,
545,13.0,4.0,3237.0,1.0,8.0,18.0,0.0,0.0,951758479.0,,0.0,1.0,,1412949519.0,
546,6.0,4.0,3192.0,1.0,41.0,13.0,0.0,0.0,951617351.0,,0.0,1.0,,1412945987.0,
547,14.0,7.0,3345.0,1.0,41.0,22.0,0.0,0.0,951361746.0,,129.0,1.0,,1412938638.0,
548,9.0,1.0,1941.0,1.0,41.0,7.0,0.0,0.0,945651918.0,,131.0,0.0,,1412674504.0,
549,1.0,6.0,1506.0,1.0,80.0,1.0,0.0,0.0,945598015.0,,132.0,1.0,,1412672329.0,
550,9.0,3.0,3054.0,1.0,17.0,7.0,0.0,0.0,934795811.0,,132.0,0.0,,1412246489.0,
551,17.0,6.0,3781.0,1.0,34.0,9.0,0.0,0.0,930760303.0,,130.0,0.0,,1412070195.0,
552,2.0,2.0,1632.0,1.0,106.0,0.0,3.0,7.0,900129167.0,,4.0,0.0,,1410861813.0,
553,11.0,7.0,2249.0,1.0,34.0,5.0,0.0,7.0,898247776.0,,3.0,0.0,,1410777456.0,
554,1.0,5.0,1868.0,1.0,48.0,1.0,0.0,7.0,895231785.0,,3.0,0.0,,1410664150.0,
555,3.0,9.0,1473.0,1.0,99.0,2.0,0.0,0.0,893313682.0,,128.0,1.0,,1410600742.0,
556,17.0,9.0,2849.0,1.0,38.0,3.0,0.0,0.0,893194821.0,,1.0,0.0,,1410597410.0,
557,9.0,10.0,2326.0,1.0,8.0,9.0,0.0,0.0,893102289.0,,3.0,0.0,,1410594787.0,
558,7.0,11.0,2318.0,1.0,50.0,1.0,0.0,0.0,893016586.0,,3.0,0.0,,1410592220.0,
559,13.0,2.0,1907.0,1.0,41.0,10.0,0.0,0.0,892938273.0,,0.0,1.0,,1410589729.0,
560,3.0,7.0,1824.0,1.0,17.0,11.0,0.0,0.0,892773368.0,,2.0,0.0,,1410583740.0,
561,4.0,2.0,1859.0,1.0,41.0,15.0,0.0,0.0,892717967.0,,130.0,0.0,,1410581417.0,
562,4.0,5.0,1942.0,1.0,78.0,7.0,0.0,0.0,892667221.0,,132.0,1.0,,1410579122.0,
563,9.0,6.0,1703.0,1.0,38.0,3.0,0.0,0.0,888843364.0,,0.0,0.0,,1410427910.0,
564,13.0,6.0,2722.0,1.0,34.0,20.0,0.0,0.0,888770079.0,,128.0,0.0,,1410424905.0,
565,9.0,6.0,1949.0,1.0,38.0,1.0,0.0,0.0,888717471.0,,128.0,1.0,,1410422585.0,
566,7.0,9.0,2595.0,1.0,38.0,2.0,0.0,0.0,888637922.0,,0.0,0.0,,1410418588.0,
567,11.0,3.0,2061.0,1.0,90.0,2.0,0.0,0.0,888593571.0,,128.0,0.0,,1410416184.0,
568,14.0,2.0,2133.0,1.0,17.0,10.0,0.0,7.0,888548184.0,,128.0,0.0,,1410413613.0,
569,8.0,7.0,2958.0,1.0,53.0,0.0,0.0,0.0,887864297.0,,129.0,1.0,,1410370363.0,
570,12.0,1.0,2707.0,1.0,66.0,2.0,0.0,0.0,887762448.0,,4.0,1.0,,1410367016.0,
571,7.0,7.0,1828.0,1.0,66.0,2.0,0.0,0.0,886616848.0,,3.0,0.0,,1410328020.0,
572,7.0,2.0,1754.0,1.0,37.0,7.0,0.0,0.0,886581155.0,,0.0,1.0,,1410325959.0,
573,10.0,5.0,2185.0,1.0,13.0,0.0,0.0,0.0,885724432.0,,128.0,1.0,,1410277686.0,
574,13.0,0.0,1796.0,1.0,34.0,15.0,0.0,7.0,884942059.0,,132.0,0.0,,1410254805.0,
575,13.0,10.0,2592.0,1.0,53.0,3.0,0.0,7.0,884865804.0,,3.0,0.0,,1410251615.0,
576,15.0,2.0,2328.0,1.0,34.0,15.0,0.0,7.0,884804734.0,,1.0,1.0,,1410248849.0,
577,18.0,8.0,3696.0,1.0,34.0,9.0,0.0,7.0,884717558.0,,129.0,1.0,,1410244530.0,
578,1.0,6.0,2101.0,1.0,41.0,0.0,0.0,7.0,884671927.0,,4.0,0.0,,1410242019.0,
579,3.0,10.0,2045.0,1.0,79.0,1.0,0.0,7.0,882879713.0,,1.0,0.0,,1410165226.0,
580,15.0,6.0,3262.0,1.0,88.0,7.0,0.0,7.0,882783553.0,,3.0,0.0,,1410161508.0,
581,17.0,5.0,2500.0,1.0,53.0,6.0,0.0,7.0,882711863.0,,3.0,1.0,,1410158529.0,
582,18.0,10.0,3444.0,1.0,53.0,14.0,0.0,7.0,882628392.0,,1.0,0.0,,1410154781.0,
583,9.0,6.0,2496.0,1.0,34.0,13.0,0.0,7.0,881583738.0,,3.0,0.0,,1410104436.0,
584,18.0,0.0,2428.0,1.0,34.0,9.0,0.0,7.0,881468681.0,,3.0,1.0,,1410101587.0,
585,4.0,7.0,2720.0,1.0,77.0,1.0,0.0,7.0,880405486.0,,1.0,0.0,,1410074394.0,
586,5.0,10.0,2571.0,1.0,72.0,2.0,0.0,7.0,880297320.0,,132.0,1.0,,1410071176.0,
587,10.0,9.0,2165.0,1.0,107.0,3.0,0.0,0.0,876405604.0,,130.0,1.0,,1409931474.0,
588,8.0,8.0,2342.0,1.0,33.0,3.0,0.0,7.0,876274279.0,,1.0,1.0,,1409928573.0,
589,4.0,7.0,2054.0,1.0,75.0,1.0,0.0,7.0,876162278.0,,128.0,1.0,,1409926201.0,
590,7.0,4.0,2391.0,1.0,28.0,1.0,0.0,7.0,875574359.0,,129.0,0.0,,1409912498.0,
591,14.0,3.0,2323.0,1.0,64.0,6.0,0.0,7.0,875481879.0,,132.0,0.0,,1409909526.0,
592,12.0,6.0,2180.0,1.0,60.0,10.0,0.0,7.0,875409699.0,,2.0,0.0,,1409907053.0,
593,5.0,6.0,2204.0,1.0,16.0,5.0,0.0,7.0,875331644.0,,130.0,1.0,,1409904173.0,
594,8.0,6.0,2206.0,1.0,44.0,15.0,0.0,7.0,875161384.0,,128.0,0.0,,1409896794.0,
595,12.0,11.0,3300.0,1.0,76.0,13.0,0.0,7.0,875082765.0,,4.0,0.0,,1409892991.0,
596,6.0,5.0,1772.0,1.0,47.0,3.0,0.0,7.0,875007775.0,,1.0,0.0,,1409888993.0,
597,2.0,11.0,1602.0,1.0,85.0,2.0,0.0,7.0,874423833.0,,129.0,1.0,,1409855915.0,
598,13.0,5.0,1613.0,1.0,65.0,5.0,0.0,7.0,874378664.0,,3.0,1.0,,1409853777.0,
599,11.0,11.0,2194.0,1.0,14.0,8.0,0.0,7.0,874319339.0,,3.0,0.0,,1409851373.0,
600,26.0,11.0,3644.0,1.0,52.0,11.0,0.0,7.0,874213722.0,,2.0,0.0,,1409847381.0,
601,12.0,1.0,2050.0,1.0,17.0,11.0,0.0,0.0,873989511.0,,1.0,1.0,,1409839978.0,
602,10.0,9.0,2904.0,1.0,74.0,4.0,0.0,0.0,873878345.0,,128.0,1.0,,1409836548.0,
603,8.0,0.0,2270.0,1.0,89.0,2.0,0.0,0.0,873787691.0,,129.0,0.0,,1409833696.0,
604,6.0,4.0,2306.0,1.0,89.0,0.0,0.0,7.0,873321947.0,,132.0,1.0,,1409811264.0,
605,15.0,9.0,2502.0,1.0,34.0,4.0,0.0,7.0,873277953.0,,132.0,0.0,,1409807839.0,
606,12.0,9.0,2220.0,1.0,34.0,4.0,0.0,7.0,873201728.0,,3.0,0.0,,1409802402.0,
607,5.0,7.0,2833.0,1.0,34.0,11.0,0.0,7.0,872401925.0,,4.0,0.0,,1409754060.0,
608,14.0,7.0,2527.0,1.0,34.0,12.0,0.0,7.0,872301644.0,,2.0,0.0,,1409750668.0,
609,27.0,9.0,3526.0,1.0,34.0,17.0,0.0,7.0,872061592.0,,1.0,1.0,,1409742494.0,
610,12.0,6.0,2197.0,1.0,34.0,12.0,0.0,7.0,871823868.0,,129.0,0.0,,1409730253.0,
611,22.0,12.0,2947.0,1.0,40.0,2.0,0.0,7.0,871763522.0,,130.0,1.0,,1409726482.0,
612,22.0,10.0,3050.0,1.0,34.0,7.0,0.0,7.0,871714297.0,,130.0,1.0,,1409723233.0,
613,16.0,10.0,2901.0,1.0,34.0,11.0,0.0,7.0,871622468.0,,2.0,0.0,,1409715960.0,
614,13.0,2.0,2365.0,1.0,34.0,15.0,0.0,7.0,871589748.0,,2.0,1.0,,1409713410.0,
615,21.0,6.0,2130.0,1.0,34.0,3.0,0.0,7.0,871559396.0,,129.0,0.0,,1409710917.0,
616,6.0,4.0,2261.0,1.0,34.0,4.0,0.0,7.0,871530549.0,,131.0,1.0,,1409708273.0,
617,8.0,1.0,1101.0,1.0,34.0,2.0,0.0,7.0,871513183.0,,128.0,0.0,,1409706617.0,
618,12.0,4.0,2164.0,1.0,74.0,2.0,0.0,0.0,871041818.0,,0.0,1.0,,1409675214.0,
619,0.0,0.0,918.0,1.0,74.0,0.0,1.0,0.0,871011604.0,,3.0,0.0,,1409673921.0,
620,16.0,3.0,2396.0,1.0,78.0,9.0,0.0,7.0,870342415.0,,128.0,0.0,,1409648860.0,
621,27.0,5.0,3079.0,1.0,17.0,12.0,0.0,7.0,867016892.0,,2.0,1.0,,1409480721.0,
622,8.0,9.0,1996.0,1.0,73.0,1.0,0.0,7.0,866859544.0,,131.0,1.0,,1409475427.0,
623,22.0,9.0,2989.0,1.0,69.0,14.0,0.0,7.0,866754516.0,,4.0,1.0,,1409471961.0,
624,2.0,7.0,1495.0,1.0,99.0,0.0,0.0,7.0,866703408.0,,132.0,1.0,,1409470054.0,
625,10.0,9.0,3018.0,1.0,8.0,4.0,0.0,7.0,866611394.0,,128.0,1.0,,1409466779.0,
626,10.0,10.0,2039.0,1.0,99.0,2.0,0.0,7.0,866548923.0,,131.0,1.0,,1409464189.0,
627,13.0,7.0,2513.0,1.0,87.0,2.0,0.0,7.0,866453018.0,,1.0,0.0,,1409459330.0,
628,14.0,11.0,3191.0,1.0,88.0,13.0,0.0,7.0,866390204.0,,128.0,1.0,,1409455877.0,
629,12.0,13.0,2607.0,1.0,85.0,2.0,0.0,7.0,866342092.0,,3.0,0.0,,1409453041.0,
630,10.0,0.0,2142.0,1.0,11.0,8.0,0.0,7.0,866285427.0,,128.0,0.0,,1409449277.0,
631,4.0,2.0,2284.0,1.0,15.0,6.0,0.0,0.0,865480361.0,,0.0,1.0,,1409412262.0,
632,18.0,3.0,2532.0,1.0,80.0,11.0,0.0,7.0,865356989.0,,3.0,1.0,,1409408740.0,
633,12.0,10.0,2704.0,1.0,88.0,6.0,0.0,7.0,865250306.0,,0.0,1.0,,1409405663.0,
634,11.0,10.0,2679.0,1.0,88.0,6.0,0.0,7.0,865147965.0,,131.0,1.0,,1409402319.0,
635,8.0,11.0,1962.0,1.0,73.0,6.0,0.0,7.0,864938310.0,,132.0,1.0,,1409395563.0,
636,23.0,12.0,3714.0,1.0,73.0,4.0,0.0,7.0,864815028.0,,4.0,0.0,,1409391686.0,
637,7.0,3.0,1937.0,1.0,73.0,2.0,0.0,7.0,864749630.0,,2.0,1.0,,1409389215.0,
638,24.0,6.0,2997.0,1.0,29.0,3.0,0.0,7.0,864652334.0,,130.0,0.0,,1409385959.0,
639,17.0,6.0,3373.0,1.0,106.0,16.0,0.0,7.0,864548797.0,,128.0,0.0,,1409382486.0,
640,10.0,10.0,2726.0,1.0,23.0,2.0,0.0,7.0,864472962.0,,3.0,0.0,,1409379111.0,
641,4.0,7.0,2111.0,1.0,109.0,1.0,0.0,7.0,864414702.0,,128.0,1.0,,1409376512.0,
642,13.0,8.0,2034.0,1.0,88.0,10.0,0.0,7.0,864294572.0,,132.0,0.0,,1409370088.0,
643,7.0,5.0,1981.0,1.0,17.0,16.0,0.0,7.0,864252626.0,,2.0,1.0,,1409367802.0,
644,5.0,6.0,2719.0,1.0,77.0,10.0,0.0,7.0,862883830.0,,3.0,0.0,,1409310098.0,
645,13.0,4.0,2952.0,1.0,39.0,5.0,0.0,7.0,862782571.0,,128.0,1.0,,1409306557.0,
646,5.0,10.0,2675.0,1.0,73.0,2.0,0.0,7.0,862699498.0,,128.0,1.0,,1409303522.0,
647,6.0,6.0,1959.0,1.0,17.0,2.0,0.0,7.0,862636705.0,,128.0,1.0,,1409300992.0,
648,12.0,9.0,2246.0,1.0,51.0,3.0,0.0,7.0,862549266.0,,129.0,1.0,,1409297663.0,
649,5.0,7.0,3308.0,1.0,11.0,6.0,0.0,7.0,862464131.0,,131.0,0.0,,1409293922.0,
650,14.0,11.0,2727.0,1.0,73.0,7.0,0.0,7.0,862400166.0,,1.0,0.0,,1409290760.0,
651,9.0,4.0,2492.0,1.0,109.0,4.0,0.0,0.0,862297537.0,,4.0,1.0,,1409284094.0,
652,8.0,8.0,1840.0,1.0,97.0,2.0,0.0,0.0,862266076.0,,129.0,1.0,,1409281709.0,
653,1.0,9.0,1859.0,1.0,109.0,1.0,0.0,7.0,861184379.0,,4.0,0.0,,1409230017.0,
654,12.0,1.0,1815.0,1.0,106.0,7.0,0.0,7.0,860888516.0,,0.0,1.0,,1409219917.0,
655,10.0,5.0,2101.0,1.0,11.0,10.0,0.0,7.0,860820236.0,,0.0,1.0,,1409217421.0,
656,9.0,6.0,3128.0,1.0,77.0,3.0,0.0,7.0,860715863.0,,0.0,0.0,,1409213307.0,
657,4.0,6.0,1833.0,1.0,103.0,2.0,0.0,7.0,860658974.0,,128.0,1.0,,1409211200.0,
658,32.0,9.0,3186.0,1.0,72.0,14.0,0.0,7.0,860579164.0,,128.0,0.0,,1409207704.0,
659,10.0,6.0,1985.0,1.0,73.0,3.0,0.0,7.0,860526975.0,,2.0,1.0,,1409204628.0,
660,12.0,8.0,2742.0,1.0,69.0,5.0,0.0,7.0,860442834.0,,129.0,0.0,,1409199243.0,
661,3.0,8.0,2888.0,1.0,77.0,3.0,0.0,7.0,860399225.0,,130.0,1.0,,1409196020.0,
662,7.0,7.0,2331.0,1.0,11.0,1.0,0.0,0.0,859370644.0,,1.0,1.0,,1409144768.0,
663,7.0,3.0,1923.0,1.0,11.0,11.0,0.0,0.0,859117052.0,,132.0,0.0,,1409136410.0,
664,2.0,8.0,1524.0,1.0,46.0,1.0,1.0,0.0,859090380.0,,131.0,1.0,,1409135490.0,
665,4.0,7.0,3549.0,1.0,77.0,7.0,0.0,0.0,858981630.0,,3.0,1.0,,1409131378.0,
666,13.0,6.0,2301.0,1.0,73.0,4.0,0.0,7.0,858806772.0,,1.0,1.0,,1409124590.0,
667,16.0,5.0,2303.0,1.0,73.0,3.0,0.0,7.0,858746226.0,,129.0,0.0,,1409121861.0,
668,7.0,4.0,2502.0,1.0,80.0,2.0,0.0,7.0,858681735.0,,1.0,1.0,,1409118667.0,
669,6.0,1.0,2158.0,1.0,17.0,5.0,0.0,0.0,858592950.0,,131.0,0.0,,1409113160.0,
670,7.0,2.0,1743.0,1.0,80.0,2.0,0.0,7.0,858564589.0,,3.0,1.0,,1409110736.0,
671,13.0,6.0,2799.0,1.0,78.0,6.0,0.0,0.0,857810162.0,,3.0,1.0,,1409067792.0,
672,19.0,7.0,3469.0,1.0,11.0,15.0,0.0,0.0,857686014.0,,4.0,1.0,,1409063438.0,
673,15.0,6.0,2932.0,1.0,72.0,6.0,0.0,7.0,857140963.0,,2.0,1.0,,1409046044.0,
674,17.0,15.0,3561.0,1.0,73.0,0.0,0.0,7.0,857037325.0,,130.0,1.0,,1409040863.0,
675,16.0,5.0,2210.0,1.0,69.0,3.0,0.0,7.0,856971261.0,,2.0,1.0,,1409038730.0,
676,4.0,5.0,1316.0,1.0,92.0,2.0,0.0,7.0,856930157.0,,130.0,1.0,,1409036834.0,
677,16.0,4.0,1785.0,1.0,73.0,4.0,0.0,7.0,856851517.0,,130.0,0.0,,1409032460.0,
678,25.0,10.0,2910.0,1.0,64.0,3.0,0.0,7.0,856739941.0,,128.0,0.0,,1409026380.0,
679,1.0,1.0,1255.0,1.0,10.0,1.0,0.0,0.0,856137747.0,,129.0,0.0,,1408987739.0,
680,11.0,5.0,2291.0,1.0,44.0,4.0,0.0,0.0,856065511.0,,1.0,1.0,,1408985016.0,
681,14.0,12.0,3139.0,1.0,34.0,9.0,0.0,0.0,855971207.0,,3.0,0.0,,1408981567.0,
682,14.0,7.0,3137.0,1.0,11.0,15.0,0.0,0.0,855857986.0,,130.0,0.0,,1408977862.0,
683,12.0,6.0,2327.0,1.0,11.0,6.0,0.0,0.0,855760914.0,,131.0,0.0,,1408975068.0,
684,4.0,0.0,952.0,1.0,11.0,8.0,0.0,0.0,855712976.0,,129.0,0.0,,1408973264.0,
685,1.0,10.0,1790.0,1.0,11.0,0.0,0.0,0.0,855643574.0,,128.0,1.0,,1408971150.0,
686,8.0,2.0,2193.0,1.0,53.0,1.0,0.0,7.0,855278596.0,,132.0,0.0,,1408957743.0,
687,16.0,5.0,2455.0,1.0,38.0,9.0,0.0,7.0,855203708.0,,130.0,0.0,,1408955156.0,
688,5.0,10.0,2159.0,1.0,17.0,2.0,0.0,7.0,855135982.0,,129.0,1.0,,1408952140.0,
689,15.0,1.0,1814.0,1.0,73.0,6.0,0.0,7.0,855075039.0,,131.0,0.0,,1408949719.0,
690,3.0,9.0,1919.0,1.0,69.0,2.0,0.0,7.0,855024749.0,,130.0,1.0,,1408947213.0,
691,12.0,8.0,3014.0,1.0,73.0,0.0,0.0,7.0,854960010.0,,3.0,1.0,,1408943771.0,
692,13.0,4.0,1938.0,1.0,69.0,7.0,0.0,7.0,854885197.0,,0.0,1.0,,1408938806.0,
693,8.0,4.0,1492.0,1.0,73.0,2.0,0.0,7.0,854852263.0,,128.0,0.0,,1408936457.0,
694,23.0,8.0,3361.0,1.0,69.0,9.0,0.0,7.0,853387774.0,,131.0,1.0,,1408872939.0,
695,12.0,2.0,2131.0,1.0,106.0,16.0,0.0,7.0,853309151.0,,131.0,0.0,,1408869983.0,
696,9.0,18.0,2115.0,1.0,27.0,3.0,0.0,7.0,853227089.0,,128.0,1.0,,1408867105.0,
697,22.0,7.0,3113.0,1.0,27.0,5.0,0.0,7.0,853059189.0,,1.0,1.0,,1408860280.0,
698,20.0,4.0,2626.0,1.0,23.0,12.0,0.0,7.0,852993175.0,,2.0,1.0,,1408857541.0,
699,12.0,4.0,1917.0,1.0,23.0,5.0,0.0,7.0,852897925.0,,128.0,0.0,,1408852421.0,
700,9.0,5.0,2483.0,1.0,23.0,3.0,0.0,0.0,852816645.0,,4.0,1.0,,1408847173.0,
701,13.0,11.0,3274.0,1.0,8.0,5.0,0.0,7.0,851510552.0,,131.0,1.0,,1408791272.0,
702,2.0,5.0,2057.0,1.0,74.0,3.0,0.0,0.0,851442133.0,,4.0,0.0,,1408788461.0,
703,10.0,8.0,2381.0,1.0,34.0,0.0,0.0,0.0,851071201.0,,128.0,1.0,,1408774035.0,
704,12.0,2.0,1845.0,1.0,34.0,8.0,0.0,0.0,851020480.0,,1.0,1.0,,1408771538.0,
705,7.0,11.0,1916.0,1.0,73.0,3.0,0.0,7.0,850902573.0,,132.0,1.0,,1408764582.0,
706,9.0,6.0,2579.0,1.0,106.0,7.0,0.0,7.0,850854744.0,,131.0,1.0,,1408761479.0,
707,21.0,6.0,3021.0,1.0,34.0,8.0,0.0,0.0,850098911.0,,3.0,1.0,,1408721860.0,
708,22.0,5.0,3320.0,1.0,69.0,13.0,0.0,7.0,849901772.0,,128.0,0.0,,1408715704.0,
709,7.0,9.0,2448.0,1.0,17.0,8.0,0.0,7.0,849789641.0,,131.0,1.0,,1408712232.0,
710,12.0,2.0,2093.0,1.0,53.0,3.0,0.0,7.0,849395307.0,,130.0,0.0,,1408698440.0,
711,8.0,6.0,2275.0,1.0,41.0,2.0,0.0,7.0,849322866.0,,2.0,0.0,,1408694913.0,
712,13.0,10.0,3608.0,1.0,98.0,9.0,0.0,7.0,849227689.0,,2.0,0.0,,1408691024.0,
713,14.0,5.0,2519.0,1.0,65.0,0.0,0.0,7.0,849164222.0,,131.0,1.0,,1408688037.0,
714,4.0,3.0,1701.0,1.0,53.0,2.0,0.0,7.0,849124642.0,,130.0,1.0,,1408686076.0,
715,25.0,7.0,3165.0,1.0,98.0,12.0,0.0,7.0,849018236.0,,3.0,1.0,,1408679280.0,
716,5.0,10.0,2161.0,1.0,53.0,3.0,0.0,7.0,848899236.0,,128.0,1.0,,1408670396.0,
717,8.0,5.0,2768.0,1.0,41.0,13.0,0.0,7.0,848375371.0,,130.0,0.0,,1408640348.0,
718,15.0,4.0,2661.0,1.0,80.0,9.0,0.0,7.0,847681184.0,,129.0,0.0,,1408616640.0,
719,7.0,7.0,2269.0,1.0,98.0,1.0,0.0,7.0,847602838.0,,3.0,0.0,,1408613165.0,
720,10.0,5.0,2318.0,1.0,53.0,4.0,0.0,7.0,847199812.0,,2.0,1.0,,1408593126.0,
721,17.0,3.0,2088.0,1.0,99.0,5.0,0.0,7.0,847164582.0,,132.0,0.0,,1408590682.0,
722,18.0,5.0,2782.0,1.0,73.0,7.0,0.0,7.0,846655853.0,,128.0,0.0,,1408558148.0,
723,8.0,2.0,1331.0,1.0,73.0,6.0,0.0,7.0,846613519.0,,3.0,1.0,,1408556651.0,
724,22.0,7.0,3353.0,1.0,53.0,1.0,0.0,7.0,846479203.0,,2.0,1.0,,1408551602.0,
725,17.0,11.0,2383.0,1.0,51.0,4.0,0.0,7.0,846399122.0,,128.0,1.0,,1408548354.0,
726,10.0,9.0,2819.0,1.0,98.0,9.0,0.0,7.0,846292790.0,,0.0,0.0,,1408545258.0,
727,10.0,1.0,1908.0,1.0,53.0,4.0,0.0,7.0,846197284.0,,130.0,0.0,,1408541972.0,
728,11.0,8.0,3391.0,1.0,53.0,3.0,0.0,7.0,846049042.0,,0.0,0.0,,1408537613.0,
729,11.0,4.0,2303.0,1.0,53.0,5.0,0.0,7.0,845862474.0,,132.0,0.0,,1408531170.0,
730,4.0,7.0,1920.0,1.0,76.0,4.0,0.0,0.0,832527591.0,,128.0,1.0,,1407912799.0,
731,6.0,0.0,2672.0,1.0,89.0,1.0,0.0,0.0,832464855.0,,4.0,1.0,,1407909590.0,
732,12.0,2.0,1985.0,1.0,53.0,1.0,0.0,7.0,832425268.0,,3.0,1.0,,1407907308.0,
733,16.0,6.0,1951.0,1.0,106.0,11.0,0.0,7.0,832335317.0,,0.0,1.0,,1407901031.0,
734,11.0,6.0,2595.0,1.0,53.0,5.0,0.0,0.0,831803520.0,,132.0,0.0,,1407866463.0,
735,8.0,5.0,2416.0,1.0,41.0,13.0,0.0,0.0,831730196.0,,1.0,1.0,,1407863469.0,
736,6.0,6.0,2114.0,1.0,41.0,2.0,0.0,0.0,831589692.0,,0.0,0.0,,1407858308.0,
737,19.0,6.0,3862.0,1.0,65.0,4.0,0.0,7.0,831386048.0,,4.0,1.0,,1407851547.0,
738,19.0,6.0,3002.0,1.0,65.0,7.0,0.0,7.0,830909254.0,,129.0,0.0,,1407835069.0,
739,18.0,5.0,2825.0,1.0,80.0,4.0,0.0,7.0,830821611.0,,0.0,1.0,,1407831549.0,
740,19.0,9.0,3005.0,1.0,73.0,8.0,0.0,7.0,830732724.0,,3.0,0.0,,1407827906.0,
741,10.0,5.0,1866.0,1.0,73.0,3.0,0.0,7.0,830679934.0,,4.0,1.0,,1407825252.0,
742,13.0,3.0,2028.0,1.0,65.0,6.0,0.0,7.0,830008081.0,,131.0,0.0,,1407783321.0,
743,9.0,8.0,1909.0,1.0,73.0,3.0,0.0,7.0,829911117.0,,0.0,1.0,,1407778743.0,
744,20.0,5.0,3303.0,1.0,80.0,5.0,0.0,7.0,829730257.0,,130.0,0.0,,1407772100.0,
745,25.0,7.0,2451.0,1.0,65.0,3.0,0.0,7.0,829111953.0,,132.0,0.0,,1407750637.0,
746,9.0,8.0,2435.0,1.0,65.0,3.0,0.0,7.0,829038744.0,,129.0,1.0,,1407747646.0,
747,15.0,3.0,1617.0,1.0,65.0,15.0,0.0,7.0,828968620.0,,3.0,1.0,,1407744804.0,
748,8.0,9.0,2164.0,1.0,41.0,9.0,0.0,7.0,828301292.0,,132.0,1.0,,1407700494.0,
749,4.0,7.0,2458.0,1.0,63.0,4.0,0.0,0.0,827139323.0,,2.0,0.0,,1407659057.0,
750,5.0,6.0,2018.0,1.0,65.0,1.0,1.0,0.0,825298478.0,,131.0,1.0,,1407577916.0,
751,1.0,7.0,1352.0,1.0,65.0,1.0,0.0,0.0,825246538.0,,129.0,1.0,,1407575829.0,
752,13.0,3.0,3007.0,1.0,65.0,4.0,0.0,0.0,825085069.0,,1.0,0.0,,1407569734.0,
753,17.0,9.0,2206.0,1.0,51.0,7.0,0.0,0.0,825006356.0,,0.0,0.0,,1407566207.0,
754,15.0,4.0,2657.0,1.0,51.0,14.0,0.0,0.0,824935447.0,,3.0,1.0,,1407563320.0,
755,13.0,12.0,2501.0,1.0,51.0,1.0,0.0,0.0,824186022.0,,0.0,0.0,,1407519206.0,
756,10.0,3.0,1280.0,1.0,41.0,8.0,0.0,0.0,824072452.0,,2.0,1.0,,1407515122.0,
757,15.0,7.0,2489.0,1.0,107.0,4.0,0.0,0.0,823987032.0,,4.0,1.0,,1407512114.0,
758,6.0,7.0,2750.0,1.0,51.0,7.0,3.0,0.0,823411617.0,,1.0,0.0,,1407492966.0,
759,20.0,11.0,2832.0,1.0,51.0,15.0,0.0,0.0,823333029.0,,132.0,0.0,,1407489555.0,
760,12.0,5.0,2620.0,1.0,51.0,8.0,0.0,7.0,823240816.0,,129.0,1.0,,1407486149.0,
761,17.0,2.0,2473.0,1.0,51.0,5.0,0.0,7.0,823152691.0,,131.0,0.0,,1407482574.0,
762,15.0,6.0,2468.0,1.0,51.0,9.0,0.0,0.0,823085557.0,,1.0,1.0,,1407479549.0,
763,1.0,6.0,1993.0,1.0,50.0,2.0,1.0,7.0,823029876.0,,130.0,1.0,,1407476702.0,
764,21.0,4.0,1867.0,1.0,72.0,13.0,0.0,0.0,822356960.0,,0.0,1.0,,1407433958.0,
765,5.0,8.0,2090.0,1.0,96.0,5.0,0.0,0.0,822291702.0,,0.0,0.0,,1407431457.0,
766,24.0,8.0,3448.0,1.0,51.0,10.0,0.0,0.0,822187589.0,,3.0,1.0,,1407427647.0,
767,8.0,7.0,2911.0,1.0,107.0,0.0,0.0,0.0,822041992.0,,3.0,0.0,,1407422932.0,
768,3.0,11.0,2327.0,1.0,107.0,0.0,0.0,0.0,821336352.0,,3.0,0.0,,1407397429.0,
769,4.0,10.0,1676.0,1.0,97.0,1.0,0.0,0.0,821288081.0,,2.0,0.0,,1407394599.0,
770,1.0,7.0,1729.0,1.0,73.0,1.0,4.0,0.0,821246026.0,,130.0,1.0,,1407392387.0,
771,20.0,9.0,4210.0,1.0,73.0,16.0,0.0,7.0,821058200.0,,1.0,1.0,,1407380869.0,
772,13.0,9.0,2867.0,1.0,98.0,6.0,0.0,7.0,821011650.0,,3.0,0.0,,1407377375.0,
773,9.0,12.0,3062.0,1.0,77.0,8.0,0.0,0.0,820490527.0,,1.0,1.0,,1407345755.0,
774,7.0,12.0,2279.0,1.0,97.0,1.0,0.0,0.0,820423158.0,,3.0,0.0,,1407343076.0,
775,2.0,7.0,2021.0,1.0,53.0,0.0,0.0,0.0,820351292.0,,131.0,1.0,,1407340503.0,
776,13.0,1.0,1719.0,1.0,73.0,8.0,0.0,0.0,820119861.0,,131.0,0.0,,1407332676.0,
777,12.0,6.0,2279.0,1.0,73.0,10.0,0.0,7.0,820036665.0,,4.0,1.0,,1407329941.0,
778,10.0,9.0,2414.0,1.0,96.0,3.0,0.0,7.0,819798427.0,,4.0,0.0,,1407321309.0,
779,24.0,12.0,2191.0,1.0,96.0,3.0,0.0,7.0,819728852.0,,2.0,1.0,,1407318496.0,
780,14.0,2.0,1529.0,1.0,96.0,7.0,0.0,0.0,817843919.0,,0.0,1.0,,1407228964.0,
781,4.0,6.0,1189.0,1.0,27.0,3.0,1.0,0.0,817803467.0,,129.0,1.0,,1407227236.0,
782,16.0,6.0,2628.0,1.0,98.0,3.0,0.0,0.0,817725347.0,,128.0,0.0,,1407223947.0,
783,8.0,4.0,2041.0,1.0,53.0,2.0,0.0,7.0,817667372.0,,2.0,1.0,,1407221278.0,
784,11.0,5.0,2550.0,1.0,98.0,7.0,0.0,0.0,817604596.0,,131.0,0.0,,1407217787.0,
785,8.0,10.0,2010.0,1.0,98.0,5.0,0.0,0.0,817523284.0,,1.0,0.0,,1407213463.0,
786,11.0,3.0,2374.0,1.0,69.0,11.0,0.0,0.0,817483012.0,,131.0,0.0,,1407210721.0,
787,6.0,8.0,1653.0,1.0,55.0,1.0,0.0,0.0,817450592.0,,131.0,1.0,,1407209212.0,
788,11.0,5.0,2083.0,1.0,39.0,10.0,0.0,0.0,817409827.0,,4.0,1.0,,1407206038.0,
789,24.0,6.0,3013.0,1.0,98.0,8.0,0.0,0.0,817360988.0,,4.0,1.0,,1407202090.0,
790,15.0,4.0,1737.0,1.0,98.0,13.0,0.0,0.0,816838525.0,,130.0,0.0,,1407172144.0,
791,4.0,2.0,2156.0,1.0,98.0,8.0,0.0,7.0,816763767.0,,2.0,1.0,,1407169278.0,
792,12.0,15.0,3145.0,1.0,98.0,5.0,0.0,0.0,816662377.0,,129.0,1.0,,1407165898.0,
793,9.0,10.0,2140.0,1.0,98.0,5.0,0.0,7.0,816582966.0,,128.0,1.0,,1407163340.0,
794,13.0,7.0,2161.0,1.0,47.0,5.0,0.0,7.0,816501582.0,,4.0,0.0,,1407160822.0,
795,6.0,8.0,1470.0,1.0,98.0,0.0,0.0,7.0,816436197.0,,130.0,1.0,,1407158761.0,
796,1.0,7.0,1858.0,1.0,98.0,2.0,0.0,0.0,816316185.0,,0.0,0.0,,1407154955.0,
797,23.0,12.0,3359.0,1.0,62.0,4.0,0.0,0.0,816002608.0,,128.0,0.0,,1407143562.0,
798,3.0,5.0,1591.0,1.0,41.0,2.0,0.0,0.0,815953217.0,,128.0,1.0,,1407141841.0,
799,5.0,8.0,2477.0,1.0,41.0,7.0,0.0,0.0,815845273.0,,0.0,0.0,,1407136506.0,
800,16.0,7.0,3123.0,1.0,27.0,9.0,0.0,0.0,814783555.0,,0.0,1.0,,1407079642.0,
801,10.0,8.0,2440.0,1.0,103.0,2.0,0.0,0.0,814098089.0,,132.0,1.0,,1407056149.0,
802,7.0,9.0,2368.0,1.0,17.0,13.0,0.0,0.0,814000902.0,,130.0,1.0,,1407052422.0,
803,9.0,8.0,3110.0,1.0,73.0,9.0,0.0,0.0,813171595.0,,0.0,0.0,,1407006911.0,
804,8.0,5.0,2365.0,1.0,73.0,3.0,0.0,0.0,812754062.0,,130.0,1.0,,1406991872.0,
805,17.0,4.0,2116.0,1.0,73.0,2.0,0.0,7.0,812666753.0,,4.0,1.0,,1406989055.0,
806,10.0,8.0,2055.0,1.0,73.0,0.0,0.0,7.0,812576587.0,,132.0,1.0,,1406986395.0,
807,11.0,4.0,1924.0,1.0,73.0,2.0,0.0,7.0,812502757.0,,132.0,0.0,,1406983934.0,
808,13.0,6.0,2880.0,1.0,73.0,8.0,0.0,7.0,812138385.0,,0.0,1.0,,1406970631.0,
809,10.0,6.0,2986.0,1.0,73.0,2.0,0.0,7.0,812041411.0,,0.0,0.0,,1406967016.0,
810,12.0,7.0,2180.0,1.0,73.0,1.0,0.0,7.0,811970089.0,,130.0,1.0,,1406964149.0,
811,1.0,6.0,1497.0,1.0,39.0,2.0,0.0,0.0,811917509.0,,0.0,0.0,,1406962190.0,
812,23.0,3.0,2537.0,1.0,98.0,9.0,0.0,0.0,811846190.0,,129.0,0.0,,1406958961.0,
813,24.0,10.0,3103.0,1.0,53.0,1.0,0.0,0.0,811712457.0,,1.0,1.0,,1406951993.0,
814,15.0,3.0,2297.0,1.0,73.0,8.0,0.0,0.0,810730197.0,,132.0,0.0,,1406903592.0,
815,2.0,7.0,2062.0,1.0,17.0,3.0,0.0,0.0,810640382.0,,1.0,0.0,,1406900797.0,
816,4.0,7.0,1716.0,1.0,17.0,5.0,0.0,0.0,810566950.0,,132.0,1.0,,1406898602.0,
817,11.0,5.0,2838.0,1.0,80.0,6.0,0.0,7.0,810335828.0,,129.0,1.0,,1406890748.0,
818,13.0,5.0,2038.0,1.0,106.0,8.0,0.0,7.0,810272403.0,,129.0,1.0,,1406887701.0,
819,17.0,5.0,2987.0,1.0,106.0,9.0,0.0,7.0,809784337.0,,1.0,1.0,,1406866600.0,
820,2.0,7.0,1815.0,1.0,62.0,5.0,0.0,7.0,809749502.0,,129.0,1.0,,1406864297.0,
821,7.0,9.0,2321.0,1.0,17.0,6.0,0.0,0.0,808991863.0,,131.0,0.0,,1406822681.0,
822,5.0,8.0,2726.0,1.0,53.0,4.0,0.0,0.0,808246010.0,,128.0,0.0,,1406797156.0,
823,18.0,4.0,1897.0,1.0,51.0,3.0,0.0,0.0,808170760.0,,1.0,1.0,,1406794026.0,
824,1.0,3.0,1121.0,1.0,65.0,5.0,1.0,0.0,808136754.0,,128.0,1.0,,1406792643.0,
825,7.0,5.0,1895.0,1.0,66.0,1.0,0.0,0.0,808084088.0,,131.0,1.0,,1406790376.0,
826,5.0,8.0,2274.0,1.0,66.0,3.0,0.0,0.0,806546481.0,,132.0,1.0,,1406719234.0,
827,12.0,7.0,2974.0,1.0,106.0,9.0,0.0,0.0,806446284.0,,128.0,1.0,,1406715389.0,
828,2.0,16.0,2130.0,1.0,98.0,4.0,0.0,0.0,806338872.0,,132.0,1.0,,1406711310.0,
829,13.0,8.0,2191.0,1.0,98.0,5.0,0.0,0.0,806252337.0,,131.0,0.0,,1406707507.0,
830,5.0,8.0,1873.0,1.0,27.0,1.0,0.0,0.0,806206598.0,,131.0,1.0,,1406705388.0,
831,10.0,3.0,1909.0,1.0,80.0,5.0,0.0,0.0,806144570.0,,131.0,0.0,,1406702615.0,
832,12.0,4.0,2609.0,1.0,106.0,10.0,0.0,0.0,806081504.0,,3.0,1.0,,1406699449.0,
833,12.0,7.0,2460.0,1.0,17.0,0.0,2.0,0.0,804247642.0,,3.0,0.0,,1406616973.0,
834,22.0,6.0,3152.0,1.0,17.0,21.0,0.0,0.0,804161906.0,,2.0,1.0,,1406612723.0,
835,24.0,5.0,2190.0,1.0,106.0,16.0,0.0,0.0,803210377.0,,129.0,0.0,,1406562733.0,
836,13.0,0.0,1460.0,1.0,106.0,14.0,0.0,0.0,803141254.0,,1.0,1.0,,1406560524.0,
837,11.0,6.0,3117.0,1.0,106.0,8.0,0.0,0.0,802520526.0,,132.0,1.0,,1406540107.0,
838,23.0,8.0,3382.0,1.0,106.0,10.0,0.0,7.0,802363358.0,,4.0,1.0,,1406533784.0,
839,2.0,7.0,1947.0,1.0,106.0,3.0,0.0,7.0,802304184.0,,2.0,0.0,,1406531351.0,
840,6.0,1.0,1565.0,1.0,106.0,8.0,0.0,7.0,802253627.0,,2.0,1.0,,1406529042.0,
841,12.0,4.0,1950.0,1.0,87.0,0.0,0.0,7.0,802077437.0,,4.0,0.0,,1406519499.0,
842,9.0,2.0,2105.0,1.0,106.0,5.0,0.0,7.0,802038355.0,,129.0,1.0,,1406517353.0,
843,2.0,6.0,2429.0,1.0,80.0,1.0,0.0,7.0,801992973.0,,131.0,1.0,,1406513769.0,
844,10.0,4.0,3553.0,1.0,106.0,5.0,0.0,7.0,800892926.0,,130.0,0.0,,1406465816.0,
845,16.0,3.0,2339.0,1.0,106.0,12.0,0.0,7.0,800697762.0,,1.0,1.0,,1406458948.0,
846,5.0,7.0,1755.0,1.0,106.0,4.0,0.0,7.0,800615640.0,,1.0,0.0,,1406456596.0,
847,10.0,4.0,2625.0,1.0,106.0,6.0,0.0,7.0,798392673.0,,130.0,0.0,,1406364814.0,
848,11.0,1.0,1674.0,1.0,106.0,9.0,0.0,7.0,798324431.0,,1.0,1.0,,1406362507.0,
849,11.0,3.0,2198.0,1.0,106.0,16.0,0.0,7.0,798233845.0,,2.0,1.0,,1406359036.0,
850,16.0,7.0,2816.0,1.0,106.0,12.0,0.0,7.0,797932149.0,,0.0,1.0,,1406343620.0,
851,13.0,3.0,2213.0,1.0,106.0,10.0,0.0,7.0,797819902.0,,132.0,0.0,,1406336952.0,
852,12.0,4.0,2038.0,1.0,106.0,6.0,0.0,7.0,797747660.0,,1.0,1.0,,1406330999.0,
853,14.0,4.0,3156.0,1.0,106.0,11.0,0.0,7.0,797694593.0,,0.0,0.0,,1406327410.0,
854,14.0,11.0,2821.0,1.0,72.0,6.0,0.0,0.0,794562650.0,,2.0,0.0,,1406197318.0,
855,16.0,6.0,2692.0,1.0,106.0,17.0,0.0,0.0,794477746.0,,132.0,0.0,,1406194250.0,
856,5.0,10.0,2358.0,1.0,106.0,3.0,0.0,0.0,793257529.0,,4.0,0.0,,1406131895.0,
857,9.0,3.0,1925.0,1.0,106.0,19.0,0.0,0.0,792620775.0,,4.0,1.0,,1406111407.0,
858,13.0,2.0,2154.0,1.0,106.0,11.0,0.0,0.0,792551724.0,,2.0,1.0,,1406108788.0,
859,6.0,5.0,2189.0,1.0,106.0,1.0,0.0,0.0,792484920.0,,128.0,0.0,,1406106085.0,
860,0.0,4.0,2389.0,1.0,106.0,0.0,3.0,0.0,792467626.0,,130.0,1.0,,1406105610.0,
861,16.0,2.0,1716.0,1.0,106.0,15.0,0.0,0.0,792414699.0,,129.0,0.0,,1406103752.0,
862,10.0,3.0,2290.0,1.0,106.0,17.0,0.0,0.0,791306725.0,,4.0,1.0,,1406046503.0,
863,5.0,3.0,2138.0,1.0,80.0,4.0,0.0,0.0,791232842.0,,132.0,1.0,,1406043908.0,
864,17.0,2.0,2197.0,1.0,80.0,6.0,0.0,0.0,791144427.0,,128.0,0.0,,1406041516.0,
865,3.0,4.0,2038.0,1.0,80.0,1.0,0.0,0.0,789064590.0,,1.0,0.0,,1405952130.0,
866,15.0,6.0,2626.0,1.0,80.0,14.0,0.0,0.0,787346590.0,,1.0,0.0,,1405874026.0,
867,8.0,2.0,2446.0,1.0,80.0,3.0,0.0,0.0,787246499.0,,3.0,1.0,,1405870675.0,
868,10.0,4.0,2042.0,1.0,80.0,7.0,0.0,0.0,787119877.0,,4.0,1.0,,1405867454.0,
869,26.0,8.0,2199.0,1.0,22.0,10.0,0.0,0.0,786970922.0,,0.0,1.0,,1405863356.0,
870,10.0,9.0,3076.0,1.0,34.0,6.0,0.0,0.0,784861635.0,,4.0,0.0,,1405775892.0,
871,11.0,3.0,1793.0,1.0,80.0,3.0,0.0,0.0,784004096.0,,132.0,0.0,,1405742605.0,
872,15.0,4.0,3657.0,1.0,106.0,8.0,0.0,0.0,783119208.0,,1.0,1.0,,1405696605.0,
873,14.0,1.0,2387.0,1.0,106.0,21.0,0.0,0.0,782928588.0,,131.0,0.0,,1405690712.0,
874,14.0,9.0,3025.0,1.0,13.0,8.0,0.0,0.0,782648336.0,,3.0,0.0,,1405681410.0,
875,12.0,10.0,2741.0,1.0,17.0,15.0,0.0,0.0,782564294.0,,4.0,0.0,,1405678715.0,
876,10.0,2.0,1785.0,1.0,59.0,17.0,0.0,0.0,780368971.0,,3.0,1.0,,1405577195.0,
877,10.0,4.0,2141.0,1.0,12.0,8.0,0.0,0.0,780326486.0,,129.0,0.0,,1405574738.0,
878,7.0,9.0,2537.0,1.0,7.0,2.0,0.0,0.0,779505269.0,,131.0,1.0,,1405526497.0,
879,16.0,3.0,2228.0,1.0,13.0,2.0,0.0,0.0,779424732.0,,128.0,0.0,,1405523858.0,
880,6.0,6.0,1830.0,1.0,27.0,4.0,0.0,0.0,779357488.0,,132.0,0.0,,1405521586.0,
881,3.0,5.0,1557.0,1.0,11.0,0.0,0.0,0.0,777788870.0,,3.0,0.0,,1405443113.0,
882,3.0,5.0,1838.0,1.0,98.0,1.0,1.0,0.0,777041074.0,,4.0,0.0,,1405413613.0,
883,23.0,8.0,2400.0,1.0,98.0,9.0,0.0,0.0,776977777.0,,4.0,1.0,,1405410755.0,
884,13.0,4.0,2829.0,1.0,80.0,12.0,0.0,7.0,776111130.0,,129.0,0.0,,1405359108.0,
885,7.0,4.0,2002.0,1.0,106.0,3.0,0.0,7.0,775926558.0,,0.0,0.0,,1405352049.0,
886,6.0,3.0,1962.0,1.0,106.0,2.0,0.0,7.0,775848381.0,,130.0,1.0,,1405349680.0,
887,2.0,5.0,1739.0,1.0,106.0,2.0,0.0,7.0,775776630.0,,0.0,0.0,,1405347034.0,
888,17.0,5.0,3353.0,1.0,106.0,1.0,0.0,7.0,775297713.0,,3.0,1.0,,1405329546.0,
889,9.0,4.0,2901.0,1.0,106.0,5.0,0.0,7.0,775221107.0,,129.0,1.0,,1405325725.0,
890,14.0,0.0,2634.0,1.0,106.0,14.0,0.0,7.0,775150771.0,,130.0,0.0,,1405322802.0,
891,7.0,1.0,2452.0,1.0,17.0,6.0,0.0,0.0,774260503.0,,129.0,1.0,,1405268101.0,
892,10.0,4.0,2431.0,1.0,17.0,10.0,0.0,0.0,774178909.0,,3.0,1.0,,1405265142.0,
893,5.0,6.0,1612.0,1.0,17.0,1.0,0.0,0.0,774105587.0,,128.0,1.0,,1405262721.0,
894,21.0,7.0,2366.0,1.0,17.0,9.0,0.0,0.0,774001626.0,,4.0,1.0,,1405259589.0,
895,21.0,3.0,2974.0,1.0,106.0,5.0,0.0,7.0,773693892.0,,2.0,1.0,,1405249304.0,
896,10.0,6.0,2258.0,1.0,106.0,6.0,0.0,7.0,773622966.0,,131.0,1.0,,1405246612.0,
897,9.0,1.0,2360.0,1.0,106.0,10.0,0.0,7.0,773536812.0,,1.0,1.0,,1405243370.0,
898,13.0,2.0,2229.0,1.0,106.0,2.0,0.0,7.0,773460661.0,,0.0,1.0,,1405240545.0,
899,14.0,2.0,1504.0,1.0,106.0,7.0,0.0,7.0,773404857.0,,0.0,1.0,,1405238256.0,
900,19.0,3.0,2165.0,1.0,106.0,12.0,0.0,0.0,772257266.0,,0.0,1.0,,1405177914.0,
901,4.0,5.0,2317.0,1.0,106.0,0.0,0.0,7.0,772144477.0,,131.0,1.0,,1405174919.0,
902,0.0,4.0,1636.0,1.0,106.0,0.0,4.0,7.0,772061283.0,,0.0,0.0,,1405171854.0,
903,21.0,6.0,2973.0,1.0,106.0,16.0,0.0,7.0,771946882.0,,1.0,1.0,,1405168595.0,
904,16.0,8.0,3874.0,1.0,106.0,20.0,0.0,7.0,770471359.0,,130.0,0.0,,1405092112.0,
905,16.0,5.0,2294.0,1.0,106.0,4.0,0.0,7.0,770359936.0,,2.0,1.0,,1405088782.0,
906,12.0,9.0,2798.0,1.0,106.0,7.0,0.0,7.0,770243095.0,,1.0,0.0,,1405085131.0,
907,8.0,4.0,2124.0,1.0,44.0,10.0,0.0,7.0,769853298.0,,132.0,0.0,,1405070853.0,
908,7.0,8.0,2015.0,1.0,106.0,3.0,0.0,7.0,769784552.0,,130.0,1.0,,1405067551.0,
909,19.0,1.0,2200.0,1.0,106.0,17.0,0.0,7.0,769727761.0,,0.0,1.0,,1405065114.0,
910,16.0,5.0,2168.0,1.0,106.0,8.0,0.0,7.0,769665913.0,,128.0,0.0,,1405062112.0,
911,17.0,4.0,2212.0,1.0,106.0,14.0,0.0,7.0,769613651.0,,1.0,1.0,,1405059731.0,
912,9.0,7.0,2125.0,1.0,106.0,2.0,0.0,7.0,769564429.0,,3.0,0.0,,1405056785.0,
913,16.0,3.0,1642.0,1.0,27.0,5.0,0.0,0.0,768661080.0,,128.0,0.0,,1405003469.0,
914,11.0,3.0,1706.0,1.0,15.0,11.0,0.0,0.0,768578628.0,,130.0,0.0,,1405000861.0,
915,7.0,1.0,2025.0,1.0,78.0,6.0,0.0,0.0,768495947.0,,130.0,0.0,,1404998760.0,
916,20.0,4.0,1868.0,1.0,38.0,4.0,0.0,0.0,768424418.0,,130.0,0.0,,1404995994.0,
917,0.0,0.0,722.0,1.0,98.0,2.0,0.0,0.0,768225899.0,,4.0,1.0,,1404988533.0,
918,12.0,11.0,2206.0,1.0,93.0,2.0,0.0,7.0,755575289.0,,132.0,1.0,,1404381327.0,
919,11.0,8.0,2231.0,1.0,93.0,12.0,0.0,7.0,755160768.0,,4.0,0.0,,1404359703.0,
920,4.0,4.0,1704.0,1.0,93.0,0.0,0.0,7.0,755132575.0,,3.0,0.0,,1404357760.0,
921,8.0,10.0,2139.0,1.0,17.0,0.0,0.0,7.0,754402667.0,,132.0,1.0,,1404316702.0,
922,15.0,8.0,3096.0,1.0,17.0,11.0,0.0,7.0,754302566.0,,131.0,1.0,,1404313243.0,
923,16.0,5.0,2482.0,1.0,106.0,7.0,0.0,7.0,754184865.0,,129.0,0.0,,1404309366.0,
924,13.0,7.0,2455.0,1.0,17.0,4.0,0.0,0.0,753866524.0,,129.0,1.0,,1404298512.0,
925,35.0,12.0,4319.0,1.0,106.0,14.0,0.0,7.0,751732166.0,,129.0,0.0,,1404202460.0,
926,4.0,8.0,1623.0,1.0,17.0,6.0,0.0,7.0,751680358.0,,3.0,0.0,,1404200513.0,
927,10.0,11.0,1704.0,1.0,17.0,5.0,0.0,7.0,751614459.0,,132.0,1.0,,1404197391.0,
928,21.0,6.0,2614.0,1.0,17.0,11.0,0.0,0.0,751376246.0,,2.0,1.0,,1404184406.0,
929,2.0,16.0,2387.0,1.0,17.0,3.0,0.0,7.0,750530981.0,,129.0,1.0,,1404140203.0,
930,1.0,9.0,1582.0,1.0,106.0,0.0,0.0,0.0,750465412.0,,129.0,1.0,,1404138020.0,
931,9.0,5.0,2159.0,1.0,106.0,8.0,0.0,0.0,750372345.0,,129.0,0.0,,1404134973.0,
932,1.0,4.0,813.0,1.0,17.0,1.0,3.0,0.0,750080262.0,,131.0,1.0,,1404124623.0,
933,20.0,5.0,2284.0,1.0,106.0,7.0,0.0,0.0,749903093.0,,1.0,1.0,,1404117438.0,
934,9.0,4.0,2253.0,1.0,17.0,18.0,0.0,7.0,749832421.0,,128.0,1.0,,1404114511.0,
935,8.0,7.0,1430.0,1.0,106.0,4.0,0.0,7.0,749790416.0,,3.0,0.0,,1404112395.0,
936,2.0,9.0,1929.0,1.0,17.0,5.0,0.0,7.0,749735512.0,,128.0,1.0,,1404109434.0,
937,11.0,4.0,2363.0,1.0,17.0,6.0,0.0,7.0,749680870.0,,3.0,0.0,,1404106338.0,
938,7.0,2.0,1826.0,1.0,106.0,3.0,0.0,7.0,749582814.0,,0.0,1.0,,1404100000.0,
939,16.0,15.0,2563.0,1.0,17.0,9.0,0.0,7.0,749541878.0,,3.0,1.0,,1404096814.0,
940,1.0,4.0,1296.0,1.0,17.0,4.0,0.0,7.0,749520169.0,,2.0,0.0,,1404095285.0,
941,12.0,1.0,2788.0,1.0,17.0,10.0,0.0,0.0,748027941.0,,1.0,1.0,,1404028993.0,
942,9.0,12.0,2292.0,1.0,9.0,0.0,0.0,7.0,747955029.0,,131.0,1.0,,1404026169.0,
943,19.0,8.0,3203.0,1.0,17.0,13.0,0.0,0.0,747864273.0,,2.0,0.0,,1404022089.0,
944,12.0,8.0,3088.0,1.0,62.0,7.0,0.0,7.0,746288773.0,,4.0,0.0,,1403950240.0,
945,10.0,14.0,1988.0,1.0,51.0,4.0,0.0,7.0,746211159.0,,131.0,1.0,,1403947178.0,
946,14.0,6.0,1993.0,1.0,51.0,6.0,0.0,7.0,746145518.0,,1.0,1.0,,1403944627.0,
947,11.0,4.0,2776.0,1.0,17.0,10.0,0.0,7.0,746065439.0,,129.0,0.0,,1403941493.0,
948,5.0,3.0,1974.0,1.0,17.0,4.0,0.0,7.0,745922848.0,,2.0,1.0,,1403935291.0,
949,3.0,7.0,1525.0,1.0,17.0,2.0,0.0,7.0,745786969.0,,131.0,1.0,,1403928120.0,
950,4.0,6.0,2278.0,1.0,17.0,5.0,0.0,7.0,745742619.0,,130.0,1.0,,1403925388.0,
951,8.0,7.0,2363.0,1.0,17.0,3.0,0.0,7.0,745694438.0,,132.0,1.0,,1403922169.0,
952,8.0,4.0,2636.0,1.0,17.0,16.0,0.0,7.0,744959543.0,,130.0,0.0,,1403884986.0,
953,5.0,4.0,1791.0,1.0,17.0,5.0,0.0,7.0,744886254.0,,0.0,0.0,,1403882723.0,
954,9.0,0.0,1566.0,1.0,106.0,12.0,0.0,0.0,744821414.0,,0.0,1.0,,1403880660.0,
955,18.0,2.0,2380.0,1.0,17.0,6.0,0.0,0.0,744731556.0,,130.0,0.0,,1403877740.0,
956,3.0,10.0,1736.0,1.0,17.0,0.0,0.0,0.0,744659181.0,,130.0,1.0,,1403875481.0,
957,7.0,7.0,2608.0,1.0,17.0,11.0,0.0,0.0,744558713.0,,1.0,0.0,,1403872417.0,
958,16.0,5.0,2188.0,1.0,17.0,3.0,0.0,7.0,744380836.0,,0.0,1.0,,1403866286.0,
959,8.0,5.0,1889.0,1.0,17.0,5.0,0.0,0.0,744311714.0,,3.0,0.0,,1403863684.0,
960,9.0,5.0,2217.0,1.0,17.0,4.0,0.0,0.0,744228184.0,,131.0,0.0,,1403860699.0,
961,15.0,6.0,3000.0,1.0,17.0,16.0,0.0,0.0,744146398.0,,0.0,1.0,,1403857149.0,
962,5.0,8.0,2530.0,1.0,17.0,1.0,0.0,0.0,744004433.0,,0.0,0.0,,1403850637.0,
963,14.0,0.0,2611.0,1.0,17.0,19.0,0.0,0.0,743950817.0,,131.0,0.0,,1403847738.0,
964,4.0,11.0,3446.0,1.0,50.0,6.0,0.0,7.0,743784476.0,,3.0,0.0,,1403837038.0,
965,4.0,11.0,2926.0,1.0,106.0,5.0,1.0,0.0,743740947.0,,1.0,0.0,,1403833391.0,
966,3.0,4.0,1523.0,1.0,17.0,2.0,0.0,0.0,743064404.0,,128.0,1.0,,1403797510.0,
967,6.0,1.0,1629.0,1.0,17.0,9.0,0.0,0.0,742995073.0,,0.0,1.0,,1403795220.0,
968,9.0,4.0,2017.0,1.0,17.0,5.0,0.0,0.0,742919548.0,,2.0,0.0,,1403792992.0,
969,20.0,7.0,3241.0,1.0,17.0,10.0,0.0,0.0,742801893.0,,131.0,0.0,,1403788667.0,
970,4.0,5.0,1832.0,1.0,102.0,4.0,0.0,0.0,742725719.0,,128.0,0.0,,1403786141.0,
971,19.0,4.0,2115.0,1.0,106.0,4.0,0.0,0.0,742406212.0,,0.0,1.0,,1403773810.0,
972,12.0,6.0,2366.0,1.0,106.0,4.0,0.0,7.0,742307825.0,,2.0,0.0,,1403769858.0,
973,6.0,6.0,2667.0,1.0,80.0,2.0,0.0,7.0,742237257.0,,132.0,1.0,,1403766371.0,
974,3.0,8.0,1594.0,1.0,80.0,0.0,0.0,7.0,742193607.0,,132.0,1.0,,1403763475.0,
975,8.0,7.0,2297.0,1.0,80.0,3.0,0.0,7.0,742142657.0,,129.0,1.0,,1403760866.0,
976,14.0,7.0,3252.0,1.0,106.0,4.0,0.0,0.0,741179306.0,,132.0,1.0,,1403707440.0,
977,16.0,6.0,3189.0,4.0,20.0,4.0,0.0,0.0,741037058.0,,0.0,0.0,,1403702950.0,
978,3.0,7.0,1973.0,1.0,106.0,3.0,0.0,7.0,740684541.0,,128.0,1.0,,1403690767.0,
979,21.0,6.0,3012.0,1.0,106.0,16.0,0.0,7.0,740595905.0,,2.0,1.0,,1403687338.0,
980,14.0,7.0,2902.0,1.0,106.0,5.0,0.0,7.0,740517653.0,,0.0,0.0,,1403684138.0,
981,9.0,2.0,2746.0,1.0,106.0,3.0,0.0,7.0,740448358.0,,128.0,0.0,,1403681160.0,
982,6.0,6.0,1496.0,1.0,106.0,3.0,0.0,7.0,740409967.0,,128.0,1.0,,1403679007.0,
983,15.0,4.0,3229.0,1.0,106.0,15.0,0.0,7.0,740339416.0,,131.0,0.0,,1403675542.0,
984,9.0,11.0,3116.0,1.0,106.0,3.0,0.0,7.0,739304892.0,,128.0,1.0,,1403620543.0,
985,11.0,6.0,2611.0,1.0,106.0,9.0,0.0,0.0,739198444.0,,128.0,1.0,,1403617494.0,
986,10.0,11.0,2505.0,1.0,106.0,7.0,0.0,0.0,739101497.0,,128.0,1.0,,1403614082.0,
987,12.0,6.0,2786.0,1.0,80.0,4.0,0.0,7.0,738793756.0,,3.0,1.0,,1403603155.0,
988,11.0,3.0,2404.0,1.0,80.0,6.0,0.0,7.0,738717008.0,,2.0,1.0,,1403599993.0,
989,11.0,3.0,2449.0,1.0,80.0,15.0,0.0,7.0,738636154.0,,0.0,1.0,,1403596676.0,
990,10.0,2.0,2429.0,1.0,80.0,6.0,0.0,7.0,738571660.0,,130.0,0.0,,1403593479.0,
991,4.0,7.0,2607.0,12.0,35.0,13.0,0.0,0.0,738512255.0,,1.0,0.0,,1403590252.0,
992,11.0,1.0,1905.0,1.0,69.0,5.0,0.0,0.0,738470177.0,,128.0,0.0,,1403587815.0,
993,1.0,1.0,983.0,1.0,8.0,1.0,0.0,0.0,738446083.0,,129.0,0.0,,1403586236.0,
994,30.0,6.0,2054.0,1.0,5.0,3.0,0.0,0.0,737550990.0,,1.0,1.0,,1403536429.0,
995,18.0,5.0,2295.0,4.0,88.0,11.0,0.0,0.0,737464186.0,,0.0,1.0,,1403533897.0,
996,9.0,1.0,1696.0,1.0,80.0,4.0,0.0,7.0,737348213.0,,1.0,1.0,,1403530298.0,
997,13.0,10.0,2369.0,1.0,27.0,3.0,0.0,0.0,736950394.0,,128.0,1.0,,1403516927.0,
998,18.0,9.0,4003.0,1.0,87.0,6.0,0.0,7.0,736837008.0,,129.0,1.0,,1403512509.0,
999,5.0,7.0,1974.0,1.0,87.0,5.0,0.0,0.0,736734082.0,,2.0,0.0,,1403508479.0,
